2010-01-04,2.88,3.1
2010-01-05,2.88,3.11
2010-01-06,2.88,3.11
2010-01-07,2.88,3.12
2010-01-08,2.88,3.12
2010-01-11,2.88,3.12
2010-01-12,2.88,3.12
2010-01-13,2.88,3.12
2010-01-14,2.88,3.12
2010-01-15,2.88,3.12
2010-01-18,2.88,3.12
2010-01-19,2.88,3.12
2010-01-20,2.88,3.12
2010-01-21,2.88,3.12
2010-01-22,2.88,3.12
2010-01-25,2.88,3.12
2010-01-26,2.88,3.12
2010-01-27,2.88,3.12
2010-01-28,2.88,3.12
2010-01-29,2.88,3.12
2010-02-01,2.88,3.12
2010-02-02,2.88,3.12
2010-02-03,2.88,3.12
2010-02-04,2.88,3.12
2010-02-05,2.88,3.12
2010-02-08,2.88,3.12
2010-02-09,2.88,3.12
2010-02-10,2.88,3.12
2010-02-11,2.88,3.12
2010-02-12,2.88,3.12
2010-02-16,2.88,3.12
2010-02-17,2.88,3.12
2010-02-18,2.88,3.12
2010-02-19,2.88,3.12
2010-02-22,2.88,3.12
2010-02-23,2.88,3.12
2010-02-24,2.88,3.11
2010-02-25,2.88,3.11
2010-02-26,2.88,3.11
2010-03-02,2.88,3.11
2010-03-03,2.88,3.11
2010-03-04,2.88,3.11
2010-03-05,2.86,3.11
2010-03-08,2.86,3.11
2010-03-09,2.86,3.11
2010-03-10,2.86,3.11
2010-03-11,2.84,3.11
2010-03-12,2.83,3.1
2010-03-15,2.83,3.1
2010-03-16,2.82,3.09
2010-03-17,2.82,3.08
2010-03-18,2.82,3.07
2010-03-19,2.82,3.07
2010-03-22,2.81,3.06
2010-03-23,2.81,3.05
2010-03-24,2.81,3.03
2010-03-25,2.81,3.02
2010-03-26,2.78,3.01
2010-03-29,2.78,2.98
2010-03-30,2.78,2.95
2010-03-31,2.78,2.92
2010-04-01,2.78,2.91
2010-04-02,2.78,2.9
2010-04-05,2.72,2.88
2010-04-06,2.63,2.85
2010-04-07,2.63,2.83
2010-04-08,2.53,2.8
2010-04-09,2.46,2.77
2010-04-12,2.45,2.73
2010-04-13,2.45,2.72
2010-04-14,2.45,2.71
2010-04-15,2.45,2.69
2010-04-16,2.45,2.68
2010-04-19,2.45,2.66
2010-04-20,2.45,2.65
2010-04-21,2.45,2.64
2010-04-22,2.45,2.64
2010-04-23,2.45,2.64
2010-04-26,2.45,2.64
2010-04-27,2.45,2.64
2010-04-28,2.45,2.64
2010-04-29,2.45,2.64
2010-04-30,2.45,2.64
2010-05-03,2.45,2.64
2010-05-04,2.45,2.64
2010-05-06,2.45,2.64
2010-05-07,2.45,2.64
2010-05-10,2.45,2.63
2010-05-11,2.45,2.63
2010-05-12,2.45,2.63
2010-05-13,2.45,2.64
2010-05-14,2.45,2.65
2010-05-17,2.45,2.66
2010-05-18,2.45,2.67
2010-05-19,2.45,2.67
2010-05-20,2.45,2.68
2010-05-24,2.45,2.69
2010-05-25,2.45,2.7
2010-05-26,2.45,2.7
2010-05-27,2.45,2.71
2010-05-28,2.45,2.71
2010-05-31,2.45,2.71
2010-06-01,2.45,2.71
2010-06-03,2.45,2.71
2010-06-04,2.45,2.71
2010-06-07,2.45,2.71
2010-06-08,2.45,2.72
2010-06-09,2.45,2.72
2010-06-10,2.45,2.72
2010-06-11,2.45,2.72
2010-06-14,2.45,2.72
2010-06-15,2.45,2.72
2010-06-16,2.45,2.72
2010-06-17,2.45,2.72
2010-06-18,2.45,2.72
2010-06-21,2.45,2.72
2010-06-22,2.45,2.73
2010-06-23,2.45,2.73
2010-06-24,2.46,2.73
2010-06-25,2.46,2.73
2010-06-28,2.46,2.73
2010-06-29,2.46,2.73
2010-06-30,2.46,2.73
2010-07-01,2.46,2.73
2010-07-02,2.46,2.73
2010-07-05,2.46,2.73
2010-07-06,2.46,2.73
2010-07-07,2.46,2.73
2010-07-08,2.46,2.73
2010-07-09,2.63,2.86
2010-07-12,2.63,2.85
2010-07-13,2.63,2.84
2010-07-14,2.63,2.84
2010-07-15,2.63,2.84
2010-07-16,2.63,2.83
2010-07-19,2.63,2.83
2010-07-20,2.63,2.83
2010-07-21,2.63,2.83
2010-07-22,2.63,2.83
2010-07-23,2.63,2.83
2010-07-26,2.63,2.83
2010-07-27,2.63,2.83
2010-07-28,2.63,2.83
2010-07-29,2.63,2.83
2010-07-30,2.63,2.83
2010-08-02,2.63,2.83
2010-08-03,2.63,2.83
2010-08-04,2.63,2.84
2010-08-05,2.63,2.84
2010-08-06,2.63,2.84
2010-08-09,2.63,2.85
2010-08-10,2.63,2.86
2010-08-11,2.63,2.86
2010-08-12,2.63,2.86
2010-08-13,2.63,2.86
2010-08-16,2.63,2.86
2010-08-17,2.63,2.86
2010-08-18,2.63,2.86
2010-08-19,2.63,2.86
2010-08-20,2.63,2.86
2010-08-23,2.63,2.85
2010-08-24,2.63,2.85
2010-08-25,2.63,2.84
2010-08-26,2.63,2.84
2010-08-27,2.63,2.84
2010-08-30,2.63,2.84
2010-08-31,2.66,2.84
2010-09-01,2.66,2.84
2010-09-02,2.66,2.84
2010-09-03,2.66,2.84
2010-09-06,2.66,2.84
2010-09-07,2.66,2.84
2010-09-08,2.66,2.84
2010-09-09,2.66,2.83
2010-09-10,2.66,2.81
2010-09-13,2.66,2.81
2010-09-14,2.66,2.81
2010-09-15,2.66,2.81
2010-09-16,2.66,2.81
2010-09-17,2.66,2.81
2010-09-20,2.66,2.81
2010-09-24,2.66,2.81
2010-09-27,2.66,2.81
2010-09-28,2.66,2.81
2010-09-29,2.66,2.81
2010-09-30,2.66,2.81
2010-10-01,2.66,2.81
2010-10-04,2.66,2.81
2010-10-05,2.66,2.81
2010-10-06,2.66,2.81
2010-10-07,2.66,2.81
2010-10-08,2.66,2.81
2010-10-11,2.66,2.81
2010-10-12,2.67,2.81
2010-10-13,2.68,2.8
2010-10-14,2.67,2.8
2010-10-15,2.66,2.79
2010-10-18,2.66,2.79
2010-10-19,2.66,2.79
2010-10-20,2.66,2.79
2010-10-21,2.66,2.79
2010-10-22,2.66,2.79
2010-10-25,2.66,2.79
2010-10-26,2.66,2.79
2010-10-27,2.66,2.79
2010-10-28,2.66,2.79
2010-10-29,2.66,2.79
2010-11-01,2.66,2.79
2010-11-02,2.66,2.79
2010-11-03,2.66,2.79
2010-11-04,2.66,2.79
2010-11-05,2.66,2.79
2010-11-08,2.66,2.79
2010-11-09,2.66,2.79
2010-11-10,2.66,2.79
2010-11-11,2.66,2.79
2010-11-12,2.66,2.79
2010-11-15,2.66,2.79
2010-11-16,2.8,2.85
2010-11-17,2.8,2.88
2010-11-18,2.8,2.89
2010-11-19,2.8,2.9
2010-11-22,2.8,2.9
2010-11-23,2.8,2.9
2010-11-24,2.8,2.9
2010-11-25,2.8,2.9
2010-11-26,2.8,2.92
2010-11-29,2.8,2.93
2010-11-30,2.8,2.93
2010-12-01,2.8,2.93
2010-12-02,2.8,2.93
2010-12-03,2.8,2.93
2010-12-06,2.8,2.92
2010-12-07,2.8,2.92
2010-12-08,2.8,2.93
2010-12-09,2.8,2.94
2010-12-10,2.8,2.94
2010-12-13,2.8,2.94
2010-12-14,2.8,2.95
2010-12-15,2.8,2.96
2010-12-16,2.8,2.96
2010-12-17,2.8,2.97
2010-12-20,2.8,2.98
2010-12-21,2.8,2.98
2010-12-22,2.8,2.99
2010-12-23,2.8,3
2010-12-24,2.8,3
2010-12-27,2.8,3.01
2010-12-28,2.8,3.02
2010-12-29,2.8,3.03
2010-12-30,2.8,3.03
2010-12-31,2.8,3.03
2011-01-03,2.8,3.03
2011-01-04,2.8,3.03
2011-01-05,2.8,3.03
2011-01-06,2.8,3.03
2011-01-07,2.8,3.02
2011-01-10,2.8,3.02
2011-01-11,2.8,3.02
2011-01-12,2.8,3.02
2011-01-13,2.98,3.14
2011-01-14,2.98,3.14
2011-01-17,2.98,3.15
2011-01-18,2.98,3.15
2011-01-19,2.98,3.15
2011-01-20,3,3.16
2011-01-21,3,3.16
2011-01-24,3.01,3.17
2011-01-25,3.01,3.19
2011-01-26,3.01,3.2
2011-01-27,3.02,3.21
2011-01-28,3.03,3.21
2011-01-31,3.05,3.22
2011-02-01,3.05,3.23
2011-02-07,3.08,3.24
2011-02-08,3.09,3.25
2011-02-09,3.09,3.26
2011-02-10,3.11,3.27
2011-02-11,3.12,3.27
2011-02-14,3.13,3.29
2011-02-15,3.13,3.3
2011-02-16,3.14,3.32
2011-02-17,3.15,3.33
2011-02-18,3.15,3.34
2011-02-21,3.15,3.35
2011-02-22,3.15,3.35
2011-02-23,3.15,3.36
2011-02-24,3.16,3.36
2011-02-25,3.16,3.37
2011-02-28,3.17,3.37
2011-03-02,3.17,3.38
2011-03-03,3.23,3.4
2011-03-04,3.27,3.41
2011-03-07,3.29,3.42
2011-03-08,3.3,3.48
2011-03-09,3.3,3.5
2011-03-10,3.39,3.54
2011-03-11,3.39,3.57
2011-03-14,3.39,3.58
2011-03-15,3.39,3.57
2011-03-16,3.39,3.57
2011-03-17,3.39,3.57
2011-03-18,3.39,3.56
2011-03-21,3.39,3.56
2011-03-22,3.39,3.56
2011-03-23,3.39,3.56
2011-03-24,3.39,3.56
2011-03-25,3.39,3.55
2011-03-28,3.39,3.55
2011-03-29,3.39,3.56
2011-03-30,3.39,3.57
2011-03-31,3.39,3.59
2011-04-01,3.39,3.6
2011-04-04,3.39,3.61
2011-04-05,3.39,3.61
2011-04-06,3.39,3.61
2011-04-07,3.39,3.57
2011-04-08,3.39,3.54
2011-04-11,3.4,3.53
2011-04-12,3.4,3.52
2011-04-13,3.4,3.52
2011-04-14,3.4,3.51
2011-04-15,3.4,3.52
2011-04-18,3.4,3.52
2011-04-19,3.4,3.52
2011-04-20,3.4,3.52
2011-04-21,3.4,3.52
2011-04-22,3.41,3.52
2011-04-25,3.41,3.52
2011-04-26,3.42,3.53
2011-04-27,3.42,3.53
2011-04-28,3.42,3.53
2011-04-29,3.42,3.53
2011-05-02,3.43,3.53
2011-05-03,3.46,3.54
2011-05-04,3.46,3.55
2011-05-06,3.46,3.56
2011-05-09,3.46,3.56
2011-05-11,3.46,3.57
2011-05-12,3.46,3.57
2011-05-13,3.46,3.56
2011-05-16,3.46,3.57
2011-05-17,3.46,3.57
2011-05-18,3.46,3.59
2011-05-19,3.46,3.6
2011-05-20,3.46,3.6
2011-05-23,3.46,3.6
2011-05-24,3.46,3.61
2011-05-25,3.46,3.61
2011-05-26,3.46,3.61
2011-05-27,3.46,3.61
2011-05-30,3.46,3.61
2011-05-31,3.46,3.61
2011-06-01,3.46,3.61
2011-06-02,3.46,3.61
2011-06-03,3.46,3.61
2011-06-07,3.46,3.61
2011-06-08,3.46,3.61
2011-06-09,3.46,3.61
2011-06-10,3.56,3.69
2011-06-13,3.56,3.7
2011-06-14,3.56,3.71
2011-06-15,3.56,3.71
2011-06-16,3.56,3.72
2011-06-17,3.56,3.72
2011-06-20,3.56,3.72
2011-06-21,3.56,3.72
2011-06-22,3.56,3.72
2011-06-23,3.56,3.72
2011-06-24,3.56,3.72
2011-06-27,3.56,3.72
2011-06-28,3.57,3.73
2011-06-29,3.57,3.73
2011-06-30,3.57,3.73
2011-07-01,3.57,3.73
2011-07-04,3.57,3.73
2011-07-05,3.58,3.73
2011-07-06,3.58,3.73
2011-07-07,3.59,3.73
2011-07-08,3.59,3.73
2011-07-11,3.59,3.74
2011-07-12,3.59,3.74
2011-07-13,3.59,3.74
2011-07-14,3.59,3.74
2011-07-15,3.59,3.74
2011-07-18,3.59,3.74
2011-07-19,3.59,3.74
2011-07-20,3.59,3.74
2011-07-21,3.59,3.74
2011-07-22,3.59,3.74
2011-07-25,3.59,3.74
2011-07-26,3.59,3.74
2011-07-27,3.59,3.74
2011-07-28,3.59,3.74
2011-07-29,3.59,3.74
2011-08-01,3.59,3.74
2011-08-02,3.59,3.74
2011-08-03,3.59,3.74
2011-08-04,3.59,3.74
2011-08-05,3.59,3.74
2011-08-08,3.59,3.74
2011-08-09,3.59,3.74
2011-08-10,3.59,3.74
2011-08-11,3.59,3.74
2011-08-12,3.59,3.73
2011-08-16,3.59,3.73
2011-08-17,3.59,3.73
2011-08-18,3.59,3.73
2011-08-19,3.59,3.73
2011-08-22,3.59,3.73
2011-08-23,3.59,3.73
2011-08-24,3.59,3.72
2011-08-25,3.59,3.72
2011-08-26,3.59,3.72
2011-08-29,3.59,3.72
2011-08-30,3.59,3.71
2011-08-31,3.59,3.71
2011-09-01,3.59,3.71
2011-09-02,3.59,3.71
2011-09-05,3.58,3.71
2011-09-06,3.58,3.71
2011-09-07,3.58,3.71
2011-09-08,3.58,3.7
2011-09-09,3.58,3.7
2011-09-14,3.58,3.71
2011-09-15,3.58,3.71
2011-09-16,3.58,3.71
2011-09-19,3.58,3.71
2011-09-20,3.58,3.71
2011-09-21,3.58,3.71
2011-09-22,3.58,3.71
2011-09-23,3.58,3.71
2011-09-26,3.58,3.71
2011-09-27,3.58,3.71
2011-09-28,3.58,3.71
2011-09-29,3.58,3.71
2011-09-30,3.58,3.71
2011-10-04,3.58,3.71
2011-10-05,3.58,3.71
2011-10-06,3.58,3.71
2011-10-07,3.58,3.71
2011-10-10,3.58,3.71
2011-10-11,3.58,3.71
2011-10-12,3.58,3.71
2011-10-13,3.58,3.71
2011-10-14,3.58,3.71
2011-10-17,3.58,3.71
2011-10-18,3.57,3.71
2011-10-19,3.57,3.71
2011-10-20,3.57,3.71
2011-10-21,3.57,3.71
2011-10-24,3.57,3.71
2011-10-25,3.57,3.71
2011-10-26,3.57,3.71
2011-10-27,3.57,3.71
2011-10-28,3.57,3.71
2011-10-31,3.57,3.71
2011-11-01,3.57,3.71
2011-11-02,3.57,3.71
2011-11-03,3.57,3.71
2011-11-04,3.57,3.71
2011-11-07,3.57,3.71
2011-11-08,3.57,3.71
2011-11-09,3.57,3.71
2011-11-10,3.57,3.71
2011-11-11,3.57,3.71
2011-11-14,3.57,3.71
2011-11-15,3.57,3.71
2011-11-16,3.57,3.71
2011-11-17,3.55,3.71
2011-11-18,3.55,3.71
2011-11-21,3.55,3.71
2011-11-22,3.55,3.71
2011-11-23,3.55,3.71
2011-11-24,3.55,3.7
2011-11-25,3.55,3.7
2011-11-28,3.55,3.7
2011-11-29,3.55,3.7
2011-11-30,3.55,3.7
2011-12-01,3.55,3.7
2011-12-02,3.55,3.7
2011-12-05,3.55,3.7
2011-12-06,3.55,3.7
2011-12-07,3.55,3.7
2011-12-08,3.55,3.7
2011-12-09,3.55,3.7
2011-12-12,3.55,3.7
2011-12-13,3.55,3.7
2011-12-14,3.55,3.7
2011-12-15,3.55,3.7
2011-12-16,3.55,3.7
2011-12-19,3.55,3.7
2011-12-20,3.55,3.71
2011-12-21,3.55,3.71
2011-12-22,3.55,3.71
2011-12-23,3.55,3.71
2011-12-26,3.55,3.71
2011-12-27,3.55,3.71
2011-12-28,3.55,3.71
2011-12-29,3.55,3.71
2011-12-30,3.55,3.71
2012-01-02,3.56,3.71
2012-01-03,3.56,3.71
2012-01-04,3.56,3.71
2012-01-05,3.56,3.71
2012-01-06,3.56,3.71
2012-01-09,3.56,3.71
2012-01-10,3.56,3.7
2012-01-11,3.56,3.69
2012-01-12,3.56,3.68
2012-01-13,3.56,3.68
2012-01-16,3.56,3.67
2012-01-17,3.56,3.68
2012-01-18,3.55,3.68
2012-01-19,3.54,3.68
2012-01-20,3.54,3.68
2012-01-25,3.54,3.69
2012-01-26,3.54,3.69
2012-01-27,3.54,3.68
2012-01-30,3.54,3.68
2012-01-31,3.54,3.68
2012-02-01,3.54,3.68
2012-02-02,3.54,3.68
2012-02-03,3.53,3.68
2012-02-06,3.53,3.68
2012-02-07,3.53,3.67
2012-02-08,3.53,3.67
2012-02-09,3.52,3.67
2012-02-10,3.52,3.67
2012-02-13,3.52,3.67
2012-02-14,3.52,3.66
2012-02-15,3.52,3.66
2012-02-16,3.52,3.66
2012-02-17,3.52,3.66
2012-02-20,3.52,3.65
2012-02-21,3.52,3.65
2012-02-22,3.52,3.65
2012-02-23,3.52,3.65
2012-02-24,3.52,3.65
2012-02-27,3.52,3.65
2012-02-28,3.53,3.65
2012-02-29,3.54,3.65
2012-03-02,3.54,3.65
2012-03-05,3.54,3.65
2012-03-06,3.54,3.65
2012-03-07,3.54,3.65
2012-03-08,3.54,3.65
2012-03-09,3.54,3.65
2012-03-12,3.54,3.65
2012-03-13,3.54,3.65
2012-03-14,3.54,3.65
2012-03-15,3.54,3.65
2012-03-16,3.54,3.65
2012-03-19,3.54,3.65
2012-03-20,3.54,3.65
2012-03-21,3.54,3.66
2012-03-22,3.54,3.66
2012-03-23,3.54,3.66
2012-03-26,3.55,3.67
2012-03-27,3.55,3.68
2012-03-28,3.55,3.69
2012-03-29,3.55,3.69
2012-03-30,3.55,3.69
2012-04-02,3.55,3.69
2012-04-03,3.55,3.69
2012-04-04,3.55,3.68
2012-04-05,3.55,3.66
2012-04-06,3.55,3.65
2012-04-09,3.54,3.65
2012-04-10,3.54,3.64
2012-04-12,3.54,3.63
2012-04-13,3.54,3.62
2012-04-16,3.54,3.62
2012-04-17,3.54,3.62
2012-04-18,3.54,3.62
2012-04-19,3.54,3.62
2012-04-20,3.54,3.62
2012-04-23,3.54,3.62
2012-04-24,3.54,3.61
2012-04-25,3.54,3.61
2012-04-26,3.54,3.61
2012-04-27,3.54,3.61
2012-04-30,3.54,3.61
2012-05-02,3.54,3.6
2012-05-03,3.54,3.6
2012-05-04,3.54,3.6
2012-05-07,3.54,3.6
2012-05-08,3.54,3.6
2012-05-09,3.54,3.6
2012-05-10,3.54,3.6
2012-05-11,3.54,3.6
2012-05-14,3.54,3.6
2012-05-15,3.54,3.6
2012-05-16,3.54,3.6
2012-05-17,3.54,3.6
2012-05-18,3.54,3.6
2012-05-21,3.54,3.6
2012-05-22,3.54,3.6
2012-05-23,3.54,3.6
2012-05-24,3.54,3.6
2012-05-25,3.54,3.6
2012-05-29,3.54,3.6
2012-05-30,3.54,3.6
2012-05-31,3.54,3.6
2012-06-01,3.54,3.6
2012-06-04,3.54,3.59
2012-06-05,3.54,3.59
2012-06-07,3.54,3.58
2012-06-08,3.54,3.57
2012-06-11,3.54,3.56
2012-06-12,3.54,3.56
2012-06-13,3.54,3.56
2012-06-14,3.54,3.56
2012-06-15,3.54,3.56
2012-06-18,3.54,3.56
2012-06-19,3.54,3.56
2012-06-20,3.54,3.56
2012-06-21,3.54,3.56
2012-06-22,3.54,3.56
2012-06-25,3.54,3.56
2012-06-26,3.54,3.56
2012-06-27,3.54,3.56
2012-06-28,3.54,3.56
2012-06-29,3.54,3.56
2012-07-02,3.54,3.56
2012-07-03,3.54,3.56
2012-07-04,3.54,3.56
2012-07-05,3.54,3.56
2012-07-06,3.54,3.56
2012-07-09,3.54,3.56
2012-07-10,3.54,3.56
2012-07-11,3.54,3.56
2012-07-12,3.27,3.35
2012-07-13,3.25,3.33
2012-07-16,3.25,3.32
2012-07-17,3.24,3.31
2012-07-18,3.23,3.31
2012-07-19,3.22,3.3
2012-07-20,3.21,3.3
2012-07-23,3.2,3.29
2012-07-24,3.2,3.28
2012-07-25,3.19,3.27
2012-07-26,3.19,3.24
2012-07-27,3.2,3.23
2012-07-30,3.2,3.23
2012-07-31,3.2,3.23
2012-08-01,3.2,3.23
2012-08-02,3.2,3.23
2012-08-03,3.2,3.23
2012-08-06,3.2,3.22
2012-08-07,3.2,3.22
2012-08-08,3.2,3.21
2012-08-09,3.2,3.2
2012-08-10,3.2,3.2
2012-08-13,3.2,3.2
2012-08-14,3.2,3.2
2012-08-16,3.21,3.2
2012-08-17,3.21,3.2
2012-08-20,3.21,3.2
2012-08-21,3.2,3.2
2012-08-22,3.19,3.2
2012-08-23,3.19,3.2
2012-08-24,3.19,3.2
2012-08-27,3.19,3.2
2012-08-28,3.18,3.2
2012-08-29,3.18,3.2
2012-08-30,3.17,3.2
2012-08-31,3.16,3.2
2012-09-03,3.16,3.2
2012-09-04,3.16,3.2
2012-09-05,3.16,3.2
2012-09-06,3.16,3.2
2012-09-07,3.16,3.2
2012-09-10,3.15,3.2
2012-09-11,3.15,3.2
2012-09-12,3.15,3.2
2012-09-13,3.15,3.2
2012-09-14,3.15,3.2
2012-09-17,3.15,3.2
2012-09-18,3.14,3.2
2012-09-19,3.13,3.2
2012-09-20,3.12,3.2
2012-09-21,3.12,3.2
2012-09-24,3.12,3.2
2012-09-25,3.11,3.2
2012-09-26,3.1,3.2
2012-09-27,3.1,3.2
2012-09-28,3.09,3.2
2012-10-02,3.09,3.2
2012-10-04,3.09,3.2
2012-10-05,3.09,3.2
2012-10-08,3.08,3.2
2012-10-09,3.08,3.19
2012-10-10,3.08,3.19
2012-10-11,2.9,3
2012-10-12,2.87,3
2012-10-15,2.87,2.99
2012-10-16,2.87,2.99
2012-10-17,2.87,2.98
2012-10-18,2.87,2.98
2012-10-19,2.87,2.98
2012-10-22,2.87,2.98
2012-10-23,2.86,2.98
2012-10-24,2.86,2.98
2012-10-25,2.85,2.98
2012-10-26,2.85,2.98
2012-10-29,2.85,2.98
2012-10-30,2.85,2.98
2012-10-31,2.85,2.98
2012-11-01,2.85,2.98
2012-11-02,2.85,2.98
2012-11-05,2.85,2.98
2012-11-06,2.85,2.98
2012-11-07,2.85,2.98
2012-11-08,2.85,2.98
2012-11-09,2.85,2.98
2012-11-12,2.85,2.98
2012-11-13,2.85,2.98
2012-11-14,2.85,2.98
2012-11-15,2.85,2.98
2012-11-16,2.85,2.98
2012-11-19,2.85,2.98
2012-11-20,2.85,2.98
2012-11-21,2.85,2.98
2012-11-22,2.85,2.98
2012-11-23,2.85,2.98
2012-11-26,2.85,2.98
2012-11-27,2.85,2.98
2012-11-28,2.85,2.98
2012-11-29,2.85,2.98
2012-11-30,2.85,2.98
2012-12-03,2.85,2.98
2012-12-04,2.85,2.98
2012-12-05,2.85,2.98
2012-12-06,2.85,2.98
2012-12-07,2.87,2.98
2012-12-10,2.88,2.98
2012-12-11,2.88,2.98
2012-12-12,2.89,2.98
2012-12-13,2.89,2.98
2012-12-14,2.89,2.98
2012-12-17,2.89,2.98
2012-12-18,2.89,2.98
2012-12-20,2.89,2.99
2012-12-21,2.89,2.99
2012-12-24,2.89,2.99
2012-12-26,2.89,2.99
2012-12-27,2.89,3
2012-12-28,2.89,3
2012-12-31,2.89,3
2013-01-02,2.89,3.01
2013-01-03,2.88,3.01
2013-01-04,2.88,3.01
2013-01-07,2.87,3
2013-01-08,2.87,2.99
2013-01-09,2.87,2.98
2013-01-10,2.87,2.98
2013-01-11,2.85,2.97
2013-01-14,2.85,2.96
2013-01-15,2.85,2.96
2013-01-16,2.85,2.95
2013-01-17,2.85,2.94
2013-01-18,2.85,2.94
2013-01-21,2.85,2.93
2013-01-22,2.85,2.93
2013-01-23,2.85,2.92
2013-01-24,2.84,2.92
2013-01-25,2.84,2.92
2013-01-28,2.84,2.92
2013-01-29,2.84,2.92
2013-01-30,2.84,2.92
2013-01-31,2.84,2.91
2013-02-01,2.84,2.91
2013-02-04,2.84,2.91
2013-02-05,2.84,2.91
2013-02-06,2.84,2.91
2013-02-07,2.84,2.91
2013-02-08,2.84,2.91
2013-02-12,2.84,2.91
2013-02-13,2.84,2.91
2013-02-14,2.83,2.9
2013-02-15,2.83,2.91
2013-02-18,2.83,2.91
2013-02-19,2.83,2.91
2013-02-20,2.83,2.91
2013-02-21,2.83,2.9
2013-02-22,2.83,2.9
2013-02-25,2.83,2.9
2013-02-26,2.82,2.9
2013-02-27,2.82,2.9
2013-02-28,2.82,2.9
2013-03-04,2.82,2.9
2013-03-05,2.82,2.89
2013-03-06,2.82,2.89
2013-03-07,2.82,2.89
2013-03-08,2.82,2.89
2013-03-11,2.82,2.89
2013-03-12,2.81,2.89
2013-03-13,2.81,2.89
2013-03-14,2.81,2.89
2013-03-15,2.81,2.89
2013-03-18,2.81,2.88
2013-03-19,2.81,2.88
2013-03-20,2.81,2.88
2013-03-21,2.81,2.87
2013-03-22,2.81,2.87
2013-03-25,2.81,2.87
2013-03-26,2.81,2.87
2013-03-27,2.81,2.87
2013-03-28,2.81,2.86
2013-03-29,2.81,2.86
2013-04-01,2.81,2.86
2013-04-02,2.81,2.86
2013-04-03,2.8,2.86
2013-04-04,2.8,2.86
2013-04-05,2.8,2.86
2013-04-08,2.8,2.86
2013-04-09,2.8,2.86
2013-04-10,2.8,2.86
2013-04-11,2.79,2.86
2013-04-12,2.79,2.87
2013-04-15,2.79,2.87
2013-04-16,2.79,2.87
2013-04-17,2.79,2.87
2013-04-18,2.79,2.87
2013-04-19,2.79,2.87
2013-04-22,2.79,2.87
2013-04-23,2.79,2.87
2013-04-24,2.79,2.88
2013-04-25,2.78,2.89
2013-04-26,2.79,2.9
2013-04-29,2.8,2.9
2013-04-30,2.81,2.9
2013-05-02,2.81,2.9
2013-05-03,2.81,2.9
2013-05-06,2.81,2.9
2013-05-07,2.81,2.89
2013-05-08,2.81,2.89
2013-05-09,2.69,2.79
2013-05-10,2.69,2.77
2013-05-13,2.69,2.76
2013-05-14,2.69,2.75
2013-05-15,2.69,2.75
2013-05-16,2.69,2.75
2013-05-20,2.69,2.75
2013-05-21,2.69,2.75
2013-05-22,2.69,2.75
2013-05-23,2.69,2.75
2013-05-24,2.69,2.75
2013-05-27,2.69,2.75
2013-05-28,2.69,2.75
2013-05-29,2.69,2.75
2013-05-30,2.69,2.75
2013-05-31,2.69,2.75
2013-06-03,2.69,2.75
2013-06-04,2.69,2.75
2013-06-05,2.69,2.75
2013-06-07,2.69,2.75
2013-06-10,2.69,2.75
2013-06-11,2.69,2.75
2013-06-12,2.69,2.75
2013-06-13,2.69,2.75
2013-06-14,2.69,2.75
2013-06-17,2.69,2.75
2013-06-18,2.69,2.74
2013-06-19,2.69,2.74
2013-06-20,2.69,2.75
2013-06-21,2.7,2.76
2013-06-24,2.69,2.76
2013-06-25,2.69,2.76
2013-06-26,2.69,2.76
2013-06-27,2.69,2.76
2013-06-28,2.69,2.76
2013-07-01,2.69,2.76
2013-07-02,2.69,2.76
2013-07-03,2.69,2.76
2013-07-04,2.69,2.76
2013-07-05,2.69,2.76
2013-07-08,2.69,2.76
2013-07-09,2.69,2.75
2013-07-10,2.69,2.75
2013-07-11,2.69,2.74
2013-07-12,2.69,2.74
2013-07-15,2.69,2.74
2013-07-16,2.69,2.73
2013-07-17,2.69,2.73
2013-07-18,2.69,2.72
2013-07-19,2.67,2.72
2013-07-22,2.67,2.72
2013-07-23,2.67,2.72
2013-07-24,2.66,2.72
2013-07-25,2.66,2.72
2013-07-26,2.66,2.72
2013-07-29,2.66,2.71
2013-07-30,2.66,2.71
2013-07-31,2.66,2.71
2013-08-01,2.66,2.72
2013-08-02,2.66,2.72
2013-08-05,2.66,2.72
2013-08-06,2.66,2.72
2013-08-07,2.66,2.72
2013-08-08,2.66,2.72
2013-08-09,2.66,2.72
2013-08-12,2.66,2.72
2013-08-13,2.66,2.72
2013-08-14,2.66,2.72
2013-08-16,2.66,2.72
2013-08-19,2.66,2.72
2013-08-20,2.66,2.72
2013-08-21,2.66,2.72
2013-08-22,2.66,2.72
2013-08-23,2.66,2.72
2013-08-26,2.66,2.72
2013-08-27,2.66,2.72
2013-08-28,2.66,2.72
2013-08-29,2.66,2.73
2013-08-30,2.66,2.73
2013-09-02,2.66,2.73
2013-09-03,2.66,2.73
2013-09-04,2.66,2.73
2013-09-05,2.66,2.73
2013-09-06,2.66,2.73
2013-09-09,2.66,2.73
2013-09-10,2.66,2.73
2013-09-11,2.66,2.73
2013-09-12,2.66,2.73
2013-09-13,2.66,2.73
2013-09-16,2.66,2.73
2013-09-17,2.66,2.73
2013-09-23,2.66,2.73
2013-09-24,2.66,2.73
2013-09-25,2.66,2.73
2013-09-26,2.66,2.73
2013-09-27,2.66,2.73
2013-09-30,2.66,2.73
2013-10-01,2.66,2.73
2013-10-02,2.66,2.73
2013-10-04,2.66,2.73
2013-10-07,2.66,2.73
2013-10-08,2.66,2.73
2013-10-10,2.66,2.73
2013-10-11,2.66,2.73
2013-10-14,2.66,2.73
2013-10-15,2.66,2.73
2013-10-16,2.66,2.73
2013-10-17,2.66,2.73
2013-10-18,2.66,2.73
2013-10-21,2.66,2.73
2013-10-22,2.66,2.74
2013-10-23,2.66,2.74
2013-10-24,2.66,2.75
2013-10-25,2.66,2.75
2013-10-28,2.66,2.75
2013-10-29,2.65,2.76
2013-10-30,2.65,2.76
2013-10-31,2.65,2.76
2013-11-01,2.65,2.76
2013-11-04,2.65,2.76
2013-11-05,2.65,2.76
2013-11-06,2.65,2.77
2013-11-07,2.65,2.77
2013-11-08,2.65,2.77
2013-11-11,2.65,2.77
2013-11-12,2.65,2.77
2013-11-13,2.65,2.77
2013-11-14,2.65,2.78
2013-11-15,2.65,2.78
2013-11-18,2.65,2.79
2013-11-19,2.65,2.79
2013-11-20,2.65,2.79
2013-11-21,2.65,2.79
2013-11-22,2.65,2.79
2013-11-25,2.65,2.79
2013-11-26,2.65,2.79
2013-11-27,2.65,2.79
2013-11-28,2.65,2.79
2013-11-29,2.65,2.79
2013-12-02,2.65,2.79
2013-12-03,2.65,2.79
2013-12-04,2.65,2.79
2013-12-05,2.65,2.79
2013-12-06,2.65,2.79
2013-12-09,2.65,2.79
2013-12-10,2.65,2.79
2013-12-11,2.65,2.79
2013-12-12,2.65,2.79
2013-12-13,2.65,2.79
2013-12-16,2.65,2.8
2013-12-17,2.65,2.8
2013-12-18,2.65,2.82
2013-12-19,2.65,2.82
2013-12-20,2.65,2.83
2013-12-23,2.65,2.84
2013-12-24,2.65,2.84
2013-12-26,2.65,2.84
2013-12-27,2.65,2.88
2013-12-30,2.66,2.89
2013-12-31,2.66,2.9
2014-01-02,2.66,2.92
2014-01-03,2.66,2.92
2014-01-06,2.66,2.89
2014-01-07,2.66,2.86
2014-01-08,2.66,2.84
2014-01-09,2.65,2.83
2014-01-10,2.65,2.83
2014-01-13,2.65,2.82
2014-01-14,2.65,2.81
2014-01-15,2.65,2.81
2014-01-16,2.65,2.81
2014-01-17,2.65,2.81
2014-01-20,2.65,2.81
2014-01-21,2.65,2.81
2014-01-22,2.65,2.81
2014-01-23,2.65,2.81
2014-01-24,2.65,2.82
2014-01-27,2.65,2.82
2014-01-28,2.65,2.83
2014-01-29,2.65,2.83
2014-02-03,2.65,2.83
2014-02-04,2.65,2.82
2014-02-05,2.65,2.81
2014-02-06,2.65,2.81
2014-02-07,2.65,2.8
2014-02-10,2.65,2.8
2014-02-11,2.65,2.79
2014-02-12,2.65,2.78
2014-02-13,2.65,2.78
2014-02-14,2.65,2.77
2014-02-17,2.65,2.77
2014-02-18,2.65,2.77
2014-02-19,2.65,2.76
2014-02-20,2.65,2.76
2014-02-21,2.65,2.76
2014-02-24,2.65,2.76
2014-02-25,2.65,2.76
2014-02-26,2.65,2.76
2014-02-27,2.65,2.76
2014-02-28,2.65,2.76
2014-03-03,2.65,2.76
2014-03-04,2.65,2.77
2014-03-05,2.65,2.77
2014-03-06,2.65,2.78
2014-03-07,2.65,2.78
2014-03-10,2.65,2.77
2014-03-11,2.65,2.77
2014-03-12,2.65,2.77
2014-03-13,2.65,2.77
2014-03-14,2.65,2.77
2014-03-17,2.65,2.77
2014-03-18,2.65,2.77
2014-03-19,2.65,2.77
2014-03-20,2.65,2.77
2014-03-21,2.65,2.77
2014-03-24,2.65,2.77
2014-03-25,2.65,2.77
2014-03-26,2.65,2.77
2014-03-27,2.65,2.77
2014-03-28,2.65,2.77
2014-03-31,2.65,2.77
2014-04-01,2.65,2.77
2014-04-02,2.65,2.77
2014-04-03,2.65,2.76
2014-04-04,2.65,2.76
2014-04-07,2.65,2.76
2014-04-08,2.65,2.76
2014-04-09,2.65,2.76
2014-04-10,2.65,2.76
2014-04-11,2.65,2.76
2014-04-14,2.65,2.75
2014-04-15,2.65,2.75
2014-04-16,2.65,2.75
2014-04-17,2.65,2.75
2014-04-18,2.65,2.75
2014-04-21,2.65,2.76
2014-04-22,2.65,2.76
2014-04-23,2.65,2.76
2014-04-24,2.65,2.76
2014-04-25,2.65,2.76
2014-04-28,2.65,2.76
2014-04-29,2.65,2.77
2014-04-30,2.65,2.77
2014-05-02,2.65,2.77
2014-05-07,2.65,2.77
2014-05-08,2.65,2.76
2014-05-09,2.65,2.76
2014-05-12,2.65,2.76
2014-05-13,2.65,2.76
2014-05-14,2.65,2.76
2014-05-15,2.65,2.76
2014-05-16,2.65,2.76
2014-05-19,2.65,2.76
2014-05-20,2.65,2.75
2014-05-21,2.65,2.75
2014-05-22,2.65,2.75
2014-05-23,2.65,2.75
2014-05-26,2.65,2.75
2014-05-27,2.65,2.75
2014-05-28,2.65,2.75
2014-05-29,2.65,2.75
2014-05-30,2.65,2.75
2014-06-02,2.65,2.75
2014-06-03,2.65,2.75
2014-06-05,2.65,2.75
2014-06-09,2.65,2.75
2014-06-10,2.65,2.75
2014-06-11,2.65,2.74
2014-06-12,2.65,2.74
2014-06-13,2.65,2.74
2014-06-16,2.65,2.74
2014-06-17,2.65,2.74
2014-06-18,2.65,2.74
2014-06-19,2.65,2.74
2014-06-20,2.65,2.74
2014-06-23,2.65,2.74
2014-06-24,2.65,2.73
2014-06-25,2.65,2.73
2014-06-26,2.65,2.73
2014-06-27,2.65,2.73
2014-06-30,2.65,2.73
2014-07-01,2.65,2.73
2014-07-02,2.65,2.73
2014-07-03,2.65,2.73
2014-07-04,2.65,2.73
2014-07-07,2.65,2.73
2014-07-08,2.65,2.73
2014-07-09,2.65,2.73
2014-07-10,2.65,2.73
2014-07-11,2.65,2.73
2014-07-14,2.65,2.73
2014-07-15,2.65,2.73
2014-07-16,2.65,2.73
2014-07-17,2.65,2.73
2014-07-18,2.65,2.73
2014-07-21,2.65,2.72
2014-07-22,2.65,2.72
2014-07-23,2.65,2.72
2014-07-24,2.65,2.72
2014-07-25,2.65,2.72
2014-07-28,2.65,2.72
2014-07-29,2.65,2.72
2014-07-30,2.65,2.72
2014-07-31,2.65,2.72
2014-08-01,2.65,2.72
2014-08-04,2.65,2.72
2014-08-05,2.65,2.72
2014-08-06,2.65,2.72
2014-08-07,2.65,2.72
2014-08-08,2.65,2.71
2014-08-11,2.63,2.71
2014-08-12,2.62,2.71
2014-08-13,2.61,2.71
2014-08-14,2.46,2.61
2014-08-18,2.43,2.56
2014-08-19,2.42,2.52
2014-08-20,2.42,2.5
2014-08-21,2.42,2.48
2014-08-22,2.41,2.47
2014-08-25,2.41,2.45
2014-08-26,2.4,2.44
2014-08-27,2.4,2.43
2014-08-28,2.4,2.43
2014-08-29,2.4,2.43
2014-09-01,2.4,2.43
2014-09-02,2.36,2.43
2014-09-03,2.36,2.42
2014-09-04,2.35,2.43
2014-09-05,2.35,2.43
2014-09-11,2.35,2.43
2014-09-12,2.35,2.43
2014-09-15,2.35,2.43
2014-09-16,2.35,2.43
2014-09-17,2.35,2.43
2014-09-18,2.35,2.43
2014-09-19,2.35,2.43
2014-09-22,2.35,2.43
2014-09-23,2.35,2.43
2014-09-24,2.35,2.43
2014-09-25,2.35,2.43
2014-09-26,2.35,2.43
2014-09-29,2.35,2.43
2014-09-30,2.35,2.42
2014-10-01,2.35,2.42
2014-10-02,2.35,2.42
2014-10-06,2.35,2.42
2014-10-07,2.31,2.42
2014-10-08,2.3,2.42
2014-10-10,2.29,2.42
2014-10-13,2.28,2.42
2014-10-14,2.28,2.42
2014-10-15,2.18,2.34
2014-10-16,2.17,2.3
2014-10-17,2.17,2.26
2014-10-20,2.16,2.26
2014-10-21,2.15,2.25
2014-10-22,2.15,2.25
2014-10-23,2.14,2.24
2014-10-24,2.14,2.24
2014-10-27,2.14,2.24
2014-10-28,2.14,2.24
2014-10-29,2.14,2.24
2014-10-30,2.14,2.24
2014-10-31,2.14,2.24
2014-11-03,2.14,2.24
2014-11-04,2.14,2.24
2014-11-05,2.14,2.24
2014-11-06,2.14,2.24
2014-11-07,2.14,2.24
2014-11-10,2.14,2.24
2014-11-11,2.14,2.24
2014-11-12,2.14,2.24
2014-11-13,2.14,2.24
2014-11-14,2.14,2.24
2014-11-17,2.14,2.24
2014-11-18,2.14,2.24
2014-11-19,2.14,2.24
2014-11-20,2.14,2.24
2014-11-21,2.14,2.24
2014-11-24,2.14,2.24
2014-11-25,2.13,2.24
2014-11-26,2.13,2.24
2014-11-27,2.13,2.24
2014-11-28,2.13,2.24
2014-12-01,2.13,2.24
2014-12-02,2.13,2.24
2014-12-03,2.13,2.24
2014-12-04,2.13,2.24
2014-12-05,2.13,2.25
2014-12-08,2.13,2.26
2014-12-09,2.13,2.27
2014-12-10,2.13,2.28
2014-12-11,2.13,2.29
2014-12-12,2.13,2.3
2014-12-15,2.13,2.3
2014-12-16,2.13,2.31
2014-12-17,2.13,2.32
2014-12-18,2.13,2.33
2014-12-19,2.13,2.34
2014-12-22,2.13,2.34
2014-12-23,2.13,2.34
2014-12-24,2.13,2.34
2014-12-26,2.13,2.34
2014-12-29,2.13,2.34
2014-12-30,2.13,2.34
2014-12-31,2.13,2.33
2015-01-02,2.13,2.32
2015-01-05,2.13,2.31
2015-01-06,2.13,2.29
2015-01-07,2.13,2.28
2015-01-08,2.13,2.27
2015-01-09,2.13,2.27
2015-01-12,2.13,2.26
2015-01-13,2.13,2.26
2015-01-14,2.13,2.26
2015-01-15,2.13,2.26
2015-01-16,2.13,2.24
2015-01-19,2.13,2.24
2015-01-20,2.13,2.24
2015-01-21,2.13,2.24
2015-01-22,2.13,2.24
2015-01-23,2.13,2.24
2015-01-26,2.13,2.24
2015-01-27,2.13,2.24
2015-01-28,2.12,2.24
2015-01-29,2.12,2.24
2015-01-30,2.12,2.24
2015-02-02,2.12,2.24
2015-02-03,2.12,2.24
2015-02-04,2.12,2.24
2015-02-05,2.12,2.24
2015-02-06,2.12,2.24
2015-02-09,2.12,2.24
2015-02-10,2.12,2.24
2015-02-11,2.12,2.24
2015-02-12,2.12,2.24
2015-02-13,2.12,2.24
2015-02-16,2.12,2.24
2015-02-17,2.12,2.24
2015-02-23,2.12,2.24
2015-02-24,2.1,2.24
2015-02-25,2.1,2.24
2015-02-26,2.1,2.24
2015-02-27,2.1,2.24
2015-03-02,2.1,2.24
2015-03-03,2.1,2.24
2015-03-04,2.1,2.21
2015-03-05,2.1,2.19
2015-03-06,2.1,2.18
2015-03-09,2.1,2.17
2015-03-10,2.1,2.16
2015-03-11,2.1,2.14
2015-03-12,1.91,1.92
2015-03-13,1.9,1.91
2015-03-16,1.89,1.91
2015-03-17,1.88,1.91
2015-03-18,1.87,1.9
2015-03-19,1.87,1.89
2015-03-20,1.86,1.89
2015-03-23,1.86,1.89
2015-03-24,1.86,1.89
2015-03-25,1.86,1.89
2015-03-26,1.86,1.89
2015-03-27,1.86,1.89
2015-03-30,1.85,1.89
2015-03-31,1.85,1.89
2015-04-01,1.85,1.89
2015-04-02,1.85,1.89
2015-04-03,1.85,1.89
2015-04-06,1.85,1.89
2015-04-07,1.83,1.89
2015-04-08,1.83,1.88
2015-04-09,1.82,1.88
2015-04-10,1.8,1.88
2015-04-13,1.8,1.88
2015-04-14,1.8,1.88
2015-04-15,1.8,1.88
2015-04-16,1.8,1.88
2015-04-17,1.8,1.88
2015-04-20,1.8,1.88
2015-04-21,1.8,1.88
2015-04-22,1.8,1.88
2015-04-23,1.8,1.88
2015-04-24,1.8,1.88
2015-04-27,1.8,1.88
2015-04-28,1.8,1.88
2015-04-29,1.8,1.88
2015-04-30,1.8,1.88
2015-05-04,1.8,1.88
2015-05-06,1.8,1.88
2015-05-07,1.8,1.88
2015-05-08,1.8,1.87
2015-05-11,1.8,1.87
2015-05-12,1.8,1.87
2015-05-13,1.8,1.87
2015-05-14,1.8,1.87
2015-05-15,1.8,1.87
2015-05-18,1.8,1.87
2015-05-19,1.8,1.87
2015-05-20,1.8,1.87
2015-05-21,1.8,1.87
2015-05-22,1.8,1.87
2015-05-26,1.8,1.87
2015-05-27,1.8,1.87
2015-05-28,1.8,1.87
2015-05-29,1.8,1.87
2015-06-01,1.8,1.87
2015-06-02,1.8,1.86
2015-06-03,1.8,1.86
2015-06-04,1.8,1.86
2015-06-05,1.8,1.86
2015-06-08,1.8,1.86
2015-06-09,1.8,1.86
2015-06-10,1.8,1.86
2015-06-11,1.65,1.62
2015-06-12,1.65,1.62
2015-06-15,1.65,1.63
2015-06-16,1.65,1.63
2015-06-17,1.65,1.63
2015-06-18,1.65,1.63
2015-06-19,1.65,1.63
2015-06-22,1.65,1.64
2015-06-23,1.65,1.65
2015-06-24,1.65,1.66
2015-06-25,1.65,1.69
2015-06-26,1.65,1.69
2015-06-29,1.65,1.7
2015-06-30,1.65,1.7
2015-07-01,1.65,1.7
2015-07-02,1.65,1.7
2015-07-03,1.65,1.7
2015-07-06,1.65,1.7
2015-07-07,1.65,1.7
2015-07-08,1.65,1.7
2015-07-09,1.65,1.7
2015-07-10,1.65,1.7
2015-07-13,1.65,1.7
2015-07-14,1.65,1.7
2015-07-15,1.65,1.7
2015-07-16,1.65,1.7
2015-07-17,1.65,1.7
2015-07-20,1.65,1.7
2015-07-21,1.65,1.7
2015-07-22,1.65,1.7
2015-07-23,1.65,1.7
2015-07-24,1.65,1.7
2015-07-27,1.64,1.7
2015-07-28,1.64,1.7
2015-07-29,1.64,1.7
2015-07-30,1.64,1.7
2015-07-31,1.64,1.7
2015-08-03,1.64,1.7
2015-08-04,1.64,1.7
2015-08-05,1.64,1.7
2015-08-06,1.64,1.7
2015-08-07,1.64,1.7
2015-08-10,1.64,1.69
2015-08-11,1.64,1.69
2015-08-12,1.64,1.69
2015-08-13,1.64,1.69
2015-08-17,1.64,1.69
2015-08-18,1.64,1.69
2015-08-19,1.64,1.69
2015-08-20,1.64,1.69
2015-08-21,1.64,1.69
2015-08-24,1.64,1.7
2015-08-25,1.64,1.7
2015-08-26,1.64,1.7
2015-08-27,1.64,1.7
2015-08-28,1.64,1.7
2015-08-31,1.63,1.7
2015-09-01,1.63,1.7
2015-09-02,1.61,1.7
2015-09-03,1.61,1.69
2015-09-04,1.6,1.69
2015-09-07,1.6,1.69
2015-09-08,1.6,1.68
2015-09-09,1.6,1.68
2015-09-10,1.6,1.68
2015-09-11,1.6,1.68
2015-09-14,1.6,1.68
2015-09-15,1.6,1.68
2015-09-16,1.6,1.68
2015-09-17,1.6,1.68
2015-09-18,1.6,1.68
2015-09-21,1.6,1.68
2015-09-22,1.6,1.68
2015-09-23,1.6,1.69
2015-09-24,1.6,1.69
2015-09-25,1.6,1.69
2015-09-30,1.59,1.69
2015-10-01,1.59,1.69
2015-10-02,1.59,1.69
2015-10-05,1.59,1.69
2015-10-06,1.59,1.69
2015-10-07,1.59,1.69
2015-10-08,1.59,1.69
2015-10-12,1.59,1.69
2015-10-13,1.58,1.69
2015-10-14,1.57,1.69
2015-10-15,1.57,1.69
2015-10-16,1.57,1.69
2015-10-19,1.57,1.69
2015-10-20,1.57,1.7
2015-10-21,1.57,1.71
2015-10-22,1.57,1.71
2015-10-23,1.57,1.71
2015-10-26,1.57,1.72
2015-10-27,1.57,1.72
2015-10-28,1.57,1.72
2015-10-29,1.57,1.72
2015-10-30,1.57,1.72
2015-11-02,1.57,1.72
2015-11-03,1.57,1.72
2015-11-04,1.57,1.73
2015-11-05,1.57,1.73
2015-11-06,1.57,1.73
2015-11-09,1.57,1.73
2015-11-10,1.57,1.73
2015-11-11,1.57,1.73
2015-11-12,1.58,1.73
2015-11-13,1.58,1.73
2015-11-16,1.58,1.73
2015-11-17,1.58,1.73
2015-11-18,1.58,1.73
2015-11-19,1.58,1.74
2015-11-20,1.58,1.74
2015-11-23,1.59,1.74
2015-11-24,1.59,1.75
2015-11-25,1.59,1.76
2015-11-26,1.62,1.77
2015-11-27,1.62,1.81
2015-11-30,1.66,1.83
2015-12-01,1.67,1.85
2015-12-02,1.67,1.86
2015-12-03,1.67,1.87
2015-12-04,1.67,1.88
2015-12-07,1.67,1.89
2015-12-08,1.67,1.9
2015-12-09,1.67,1.9
2015-12-10,1.67,1.9
2015-12-11,1.67,1.9
2015-12-14,1.67,1.91
2015-12-15,1.67,1.91
2015-12-16,1.67,1.91
2015-12-17,1.67,1.91
2015-12-18,1.67,1.92
2015-12-21,1.67,1.92
2015-12-22,1.67,1.92
2015-12-23,1.67,1.92
2015-12-24,1.67,1.92
2015-12-28,1.67,1.92
2015-12-29,1.67,1.92
2015-12-30,1.67,1.92
2015-12-31,1.67,1.92
2016-01-04,1.67,1.89
2016-01-05,1.67,1.87
2016-01-06,1.67,1.85
2016-01-07,1.67,1.84
2016-01-08,1.67,1.83
2016-01-11,1.67,1.82
2016-01-12,1.67,1.82
2016-01-13,1.67,1.82
2016-01-14,1.67,1.82
2016-01-15,1.67,1.82
2016-01-18,1.67,1.82
2016-01-19,1.67,1.82
2016-01-20,1.67,1.82
2016-01-21,1.67,1.82
2016-01-22,1.67,1.82
2016-01-25,1.65,1.82
2016-01-26,1.65,1.82
2016-01-27,1.65,1.82
2016-01-28,1.65,1.81
2016-01-29,1.65,1.81
2016-02-01,1.65,1.81
2016-02-02,1.65,1.81
2016-02-03,1.65,1.81
2016-02-04,1.65,1.81
2016-02-05,1.65,1.81
2016-02-11,1.64,1.8
2016-02-12,1.64,1.79
2016-02-15,1.64,1.77
2016-02-16,1.63,1.76
2016-02-17,1.63,1.75
2016-02-18,1.63,1.74
2016-02-19,1.63,1.73
2016-02-22,1.63,1.73
2016-02-23,1.63,1.72
2016-02-24,1.63,1.72
2016-02-25,1.63,1.72
2016-02-26,1.63,1.72
2016-02-29,1.63,1.72
2016-03-02,1.63,1.72
2016-03-03,1.63,1.72
2016-03-04,1.63,1.72
2016-03-07,1.63,1.72
2016-03-08,1.63,1.71
2016-03-09,1.63,1.71
2016-03-10,1.63,1.71
2016-03-11,1.63,1.71
2016-03-14,1.63,1.71
2016-03-15,1.63,1.71
2016-03-16,1.63,1.71
2016-03-17,1.63,1.71
2016-03-18,1.63,1.71
2016-03-21,1.63,1.71
2016-03-22,1.63,1.71
2016-03-23,1.63,1.71
2016-03-24,1.63,1.71
2016-03-25,1.63,1.71
2016-03-28,1.61,1.71
2016-03-29,1.61,1.71
2016-03-30,1.61,1.71
2016-03-31,1.61,1.71
2016-04-01,1.61,1.71
2016-04-04,1.61,1.71
2016-04-05,1.61,1.71
2016-04-06,1.61,1.71
2016-04-07,1.61,1.71
2016-04-08,1.61,1.71
2016-04-11,1.61,1.71
2016-04-12,1.61,1.71
2016-04-14,1.61,1.71
2016-04-15,1.61,1.71
2016-04-18,1.61,1.71
2016-04-19,1.61,1.7
2016-04-20,1.61,1.7
2016-04-21,1.61,1.7
2016-04-22,1.61,1.7
2016-04-25,1.61,1.7
2016-04-26,1.61,1.7
2016-04-27,1.61,1.7
2016-04-28,1.61,1.69
2016-04-29,1.61,1.69
2016-05-02,1.61,1.69
2016-05-03,1.61,1.69
2016-05-04,1.61,1.69
2016-05-09,1.61,1.69
2016-05-10,1.6,1.69
2016-05-11,1.6,1.68
2016-05-12,1.6,1.68
2016-05-13,1.6,1.68
2016-05-16,1.58,1.68
2016-05-17,1.58,1.68
2016-05-18,1.58,1.68
2016-05-19,1.56,1.68
2016-05-20,1.56,1.68
2016-05-23,1.56,1.68
2016-05-24,1.56,1.68
2016-05-25,1.56,1.68
2016-05-26,1.56,1.68
2016-05-27,1.56,1.68
2016-05-30,1.56,1.68
2016-05-31,1.56,1.67
2016-06-01,1.56,1.67
2016-06-02,1.56,1.67
2016-06-03,1.56,1.67
2016-06-07,1.56,1.67
2016-06-08,1.56,1.67
2016-06-09,1.39,1.55
2016-06-10,1.39,1.53
2016-06-13,1.39,1.52
2016-06-14,1.39,1.52
2016-06-15,1.39,1.52
2016-06-16,1.39,1.52
2016-06-17,1.39,1.52
2016-06-20,1.39,1.52
2016-06-21,1.39,1.52
2016-06-22,1.39,1.52
2016-06-23,1.39,1.52
2016-06-24,1.37,1.52
2016-06-27,1.37,1.52
2016-06-28,1.37,1.52
2016-06-29,1.37,1.52
2016-06-30,1.37,1.52
2016-07-01,1.37,1.52
2016-07-04,1.37,1.52
2016-07-05,1.37,1.52
2016-07-06,1.37,1.52
2016-07-07,1.36,1.52
2016-07-08,1.36,1.52
2016-07-11,1.36,1.52
2016-07-12,1.36,1.52
2016-07-13,1.36,1.52
2016-07-14,1.36,1.52
2016-07-15,1.36,1.52
2016-07-18,1.36,1.52
2016-07-19,1.36,1.52
2016-07-20,1.36,1.52
2016-07-21,1.36,1.52
2016-07-22,1.36,1.52
2016-07-25,1.36,1.52
2016-07-26,1.36,1.52
2016-07-27,1.36,1.52
2016-07-28,1.36,1.52
2016-07-29,1.36,1.52
2016-08-01,1.36,1.52
2016-08-02,1.36,1.52
2016-08-03,1.36,1.52
2016-08-04,1.36,1.52
2016-08-05,1.36,1.52
2016-08-08,1.36,1.52
2016-08-09,1.36,1.51
2016-08-10,1.36,1.51
2016-08-11,1.35,1.51
2016-08-12,1.35,1.51
2016-08-16,1.35,1.51
2016-08-17,1.35,1.51
2016-08-18,1.34,1.51
2016-08-19,1.34,1.51
2016-08-22,1.34,1.51
2016-08-23,1.34,1.51
2016-08-24,1.34,1.51
2016-08-25,1.34,1.51
2016-08-26,1.34,1.51
2016-08-29,1.34,1.51
2016-08-30,1.34,1.51
2016-08-31,1.34,1.51
2016-09-01,1.34,1.51
2016-09-02,1.34,1.51
2016-09-05,1.34,1.51
2016-09-06,1.34,1.51
2016-09-07,1.34,1.51
2016-09-08,1.34,1.51
2016-09-09,1.34,1.51
2016-09-12,1.34,1.51
2016-09-13,1.34,1.5
2016-09-19,1.34,1.5
2016-09-20,1.34,1.5
2016-09-21,1.34,1.5
2016-09-22,1.34,1.5
2016-09-23,1.34,1.5
2016-09-26,1.34,1.5
2016-09-27,1.34,1.5
2016-09-28,1.34,1.5
2016-09-29,1.34,1.5
2016-09-30,1.34,1.5
2016-10-04,1.34,1.5
2016-10-05,1.34,1.5
2016-10-06,1.34,1.5
2016-10-07,1.34,1.5
2016-10-10,1.34,1.5
2016-10-11,1.34,1.5
2016-10-12,1.34,1.5
2016-10-13,1.34,1.5
2016-10-14,1.34,1.5
2016-10-17,1.34,1.5
2016-10-18,1.34,1.5
2016-10-19,1.34,1.5
2016-10-20,1.34,1.5
2016-10-21,1.36,1.5
2016-10-24,1.37,1.5
2016-10-25,1.38,1.5
2016-10-26,1.39,1.5
2016-10-27,1.39,1.5
2016-10-28,1.39,1.5
2016-10-31,1.39,1.51
2016-11-01,1.39,1.51
2016-11-02,1.39,1.51
2016-11-03,1.39,1.51
2016-11-04,1.39,1.51
2016-11-07,1.39,1.51
2016-11-08,1.39,1.51
2016-11-09,1.39,1.51
2016-11-10,1.39,1.51
2016-11-11,1.39,1.51
2016-11-14,1.39,1.51
2016-11-15,1.39,1.51
2016-11-16,1.39,1.51
2016-11-17,1.4,1.52
2016-11-18,1.4,1.53
2016-11-21,1.41,1.54
2016-11-22,1.42,1.55
2016-11-23,1.43,1.55
2016-11-24,1.46,1.55
2016-11-25,1.48,1.55
2016-11-28,1.49,1.55
2016-11-29,1.52,1.55
2016-11-30,1.52,1.55
2016-12-01,1.53,1.55
2016-12-02,1.54,1.55
2016-12-05,1.54,1.58
2016-12-06,1.54,1.6
2016-12-07,1.54,1.62
2016-12-08,1.54,1.63
2016-12-09,1.54,1.64
2016-12-12,1.54,1.65
2016-12-13,1.54,1.66
2016-12-14,1.54,1.66
2016-12-15,1.54,1.66
2016-12-16,1.54,1.66
2016-12-19,1.54,1.67
2016-12-20,1.54,1.68
2016-12-21,1.54,1.68
2016-12-22,1.54,1.68
2016-12-23,1.54,1.69
2016-12-26,1.54,1.7
2016-12-27,1.54,1.7
2016-12-28,1.53,1.7
2016-12-29,1.52,1.7
2016-12-30,1.52,1.71
2017-01-02,1.52,1.71
2017-01-03,1.52,1.71
2017-01-04,1.51,1.7
2017-01-05,1.51,1.69
2017-01-06,1.49,1.68
2017-01-09,1.49,1.68
2017-01-10,1.49,1.68
2017-01-11,1.49,1.67
2017-01-12,1.49,1.67
2017-01-13,1.49,1.67
2017-01-16,1.49,1.66
2017-01-17,1.49,1.66
2017-01-18,1.49,1.66
2017-01-19,1.49,1.66
2017-01-20,1.49,1.66
2017-01-23,1.49,1.65
2017-01-24,1.49,1.65
2017-01-25,1.49,1.65
2017-01-26,1.49,1.65
2017-01-31,1.49,1.65
2017-02-01,1.49,1.65
2017-02-02,1.49,1.65
2017-02-03,1.49,1.65
2017-02-06,1.49,1.65
2017-02-07,1.49,1.65
2017-02-08,1.49,1.65
2017-02-09,1.49,1.65
2017-02-10,1.49,1.65
2017-02-13,1.49,1.65
2017-02-14,1.49,1.64
2017-02-15,1.49,1.64
2017-02-16,1.49,1.64
2017-02-17,1.49,1.64
2017-02-20,1.49,1.64
2017-02-21,1.49,1.64
2017-02-22,1.49,1.64
2017-02-23,1.49,1.64
2017-02-24,1.49,1.64
2017-02-27,1.49,1.64
2017-02-28,1.49,1.64
2017-03-02,1.49,1.64
2017-03-03,1.49,1.64
2017-03-06,1.49,1.64
2017-03-07,1.49,1.64
2017-03-08,1.49,1.64
2017-03-09,1.49,1.64
2017-03-10,1.49,1.64
2017-03-13,1.49,1.64
2017-03-14,1.49,1.64
2017-03-15,1.49,1.64
2017-03-16,1.48,1.64
2017-03-17,1.48,1.64
2017-03-20,1.48,1.63
2017-03-21,1.48,1.63
2017-03-22,1.48,1.63
2017-03-23,1.47,1.63
2017-03-24,1.47,1.63
2017-03-27,1.47,1.63
2017-03-28,1.47,1.63
2017-03-29,1.45,1.63
2017-03-30,1.45,1.63
2017-03-31,1.45,1.63
2017-04-03,1.45,1.63
2017-04-04,1.45,1.63
2017-04-05,1.45,1.63
2017-04-06,1.45,1.63
2017-04-07,1.45,1.63
2017-04-10,1.45,1.63
2017-04-11,1.45,1.63
2017-04-12,1.43,1.63
2017-04-13,1.43,1.63
2017-04-14,1.42,1.63
2017-04-17,1.42,1.63
2017-04-18,1.42,1.63
2017-04-19,1.42,1.63
2017-04-20,1.42,1.63
2017-04-21,1.42,1.63
2017-04-24,1.42,1.63
2017-04-25,1.42,1.63
2017-04-26,1.41,1.63
2017-04-27,1.41,1.63
2017-04-28,1.41,1.63
2017-05-02,1.41,1.63
2017-05-04,1.41,1.63
2017-05-08,1.41,1.63
2017-05-10,1.41,1.63
2017-05-11,1.4,1.63
2017-05-12,1.4,1.63
2017-05-15,1.4,1.63
2017-05-16,1.4,1.63
2017-05-17,1.39,1.63
2017-05-18,1.39,1.63
2017-05-19,1.39,1.63
2017-05-22,1.39,1.63
2017-05-23,1.38,1.63
2017-05-24,1.38,1.63
2017-05-25,1.38,1.62
2017-05-26,1.38,1.61
2017-05-29,1.38,1.61
2017-05-30,1.38,1.6
2017-05-31,1.38,1.6
2017-06-01,1.38,1.6
2017-06-02,1.38,1.6
2017-06-05,1.38,1.6
2017-06-07,1.38,1.6
2017-06-08,1.38,1.6
2017-06-09,1.38,1.6
2017-06-12,1.38,1.6
2017-06-13,1.38,1.6
2017-06-14,1.38,1.6
2017-06-15,1.38,1.6
2017-06-16,1.38,1.6
2017-06-19,1.38,1.6
2017-06-20,1.38,1.6
2017-06-21,1.38,1.6
2017-06-22,1.38,1.6
2017-06-23,1.38,1.6
2017-06-26,1.38,1.6
2017-06-27,1.38,1.6
2017-06-28,1.38,1.6
2017-06-29,1.38,1.6
2017-06-30,1.38,1.6
2017-07-03,1.38,1.6
2017-07-04,1.38,1.6
2017-07-05,1.38,1.6
2017-07-06,1.39,1.6
2017-07-07,1.39,1.6
2017-07-10,1.39,1.6
2017-07-11,1.39,1.6
2017-07-12,1.39,1.6
2017-07-13,1.39,1.59
2017-07-14,1.39,1.59
2017-07-17,1.39,1.59
2017-07-18,1.39,1.59
2017-07-19,1.39,1.59
2017-07-20,1.39,1.59
2017-07-21,1.39,1.59
2017-07-24,1.39,1.59
2017-07-25,1.39,1.59
2017-07-26,1.39,1.59
2017-07-27,1.39,1.59
2017-07-28,1.39,1.59
2017-07-31,1.39,1.59
2017-08-01,1.39,1.59
2017-08-02,1.39,1.59
2017-08-03,1.39,1.59
2017-08-04,1.39,1.59
2017-08-07,1.39,1.59
2017-08-08,1.39,1.59
2017-08-09,1.39,1.59
2017-08-10,1.39,1.59
2017-08-11,1.39,1.59
2017-08-14,1.39,1.59
2017-08-16,1.39,1.59
2017-08-17,1.39,1.59
2017-08-18,1.39,1.59
2017-08-21,1.39,1.59
2017-08-22,1.39,1.59
2017-08-23,1.39,1.59
2017-08-24,1.39,1.59
2017-08-25,1.39,1.59
2017-08-28,1.39,1.59
2017-08-29,1.38,1.59
2017-08-30,1.38,1.59
2017-08-31,1.38,1.59
2017-09-01,1.38,1.59
2017-09-04,1.38,1.59
2017-09-05,1.38,1.59
2017-09-06,1.38,1.59
2017-09-07,1.38,1.59
2017-09-08,1.38,1.59
2017-09-11,1.38,1.59
2017-09-12,1.38,1.59
2017-09-13,1.38,1.59
2017-09-14,1.38,1.59
2017-09-15,1.38,1.59
2017-09-18,1.38,1.59
2017-09-19,1.38,1.59
2017-09-20,1.38,1.59
2017-09-21,1.38,1.59
2017-09-22,1.38,1.59
2017-09-25,1.38,1.59
2017-09-26,1.38,1.59
2017-09-27,1.38,1.59
2017-09-28,1.38,1.59
2017-09-29,1.38,1.59
2017-10-10,1.38,1.59
2017-10-11,1.38,1.59
2017-10-12,1.38,1.59
2017-10-13,1.38,1.59
2017-10-16,1.38,1.59
2017-10-17,1.38,1.59
2017-10-18,1.38,1.59
2017-10-19,1.38,1.59
2017-10-20,1.38,1.59
2017-10-23,1.38,1.59
2017-10-24,1.38,1.59
2017-10-25,1.38,1.59
2017-10-26,1.38,1.59
2017-10-27,1.4,1.59
2017-10-30,1.4,1.59
2017-10-31,1.4,1.61
