2010-01-04,"29,655 ","43,646 ","2,390 ","8,947,320 "
2010-01-05,"40,885 ","68,307 ","4,005 ","8,919,010 "
2010-01-06,"42,604 ","63,910 ","3,517 ","8,996,450 "
2010-01-07,"46,240 ","74,984 ","2,233 ","8,881,110 "
2010-01-08,"37,995 ","69,651 ",619 ,"8,940,800 "
2010-01-11,"40,768 ","69,527 ","-1,543 ","8,930,930 "
2010-01-12,"38,376 ","53,301 ","1,241 ","8,957,440 "
2010-01-13,"36,193 ","52,861 ","-1,403 ","8,814,140 "
2010-01-14,"43,375 ","62,199 ","-2,410 ","8,890,790 "
2010-01-15,"41,590 ","64,859 ","3,842 ","8,972,200 "
2010-01-18,"42,075 ","63,350 ",312 ,"9,024,360 "
2010-01-19,"38,438 ","57,005 ",467 ,"9,018,670 "
2010-01-20,"69,574 ","72,900 ","2,156 ","9,042,010 "
2010-01-21,"54,345 ","58,036 ","1,591 ","9,084,750 "
2010-01-22,"61,507 ","66,959 ","-4,920 ","8,887,600 "
2010-01-25,"58,500 ","58,385 ",365 ,"8,815,270 "
2010-01-26,"57,695 ","61,144 ","-1,940 ","8,641,780 "
2010-01-27,"44,654 ","57,607 ","-4,451 ","8,577,250 "
2010-01-28,"47,961 ","54,727 ","1,307 ","8,677,540 "
2010-01-29,"47,395 ","57,290 ",-809 ,"8,481,360 "
2010-02-01,"38,224 ","51,093 ",-935 ,"8,499,150 "
2010-02-02,"43,496 ","50,088 ",338 ,"8,445,980 "
2010-02-03,"43,815 ","44,591 ","1,394 ","8,546,390 "
2010-02-04,"39,678 ","40,933 ",258 ,"8,553,410 "
2010-02-05,"46,077 ","49,405 ","-2,997 ","8,292,810 "
2010-02-08,"44,572 ","41,821 ","-2,157 ","8,219,900 "
2010-02-09,"43,389 ","43,085 ",-446 ,"8,310,800 "
2010-02-10,"43,612 ","41,841 ",165 ,"8,308,620 "
2010-02-11,"39,376 ","44,041 ",872 ,"8,455,550 "
2010-02-12,"29,226 ","42,404 ",-419 ,"8,437,640 "
2010-02-16,"27,527 ","27,315 ",592 ,"8,476,200 "
2010-02-17,"38,362 ","41,052 ","3,828 ","8,614,170 "
2010-02-18,"31,398 ","32,818 ","1,888 ","8,580,980 "
2010-02-19,"34,577 ","37,760 ",350 ,"8,438,290 "
2010-02-22,"30,716 ","34,531 ","2,600 ","8,612,460 "
2010-02-23,"35,202 ","35,198 ",520 ,"8,619,150 "
2010-02-24,"39,068 ","38,924 ","-1,909 ","8,534,320 "
2010-02-25,"40,321 ","40,049 ","-2,358 ","8,400,170 "
2010-02-26,"33,176 ","32,018 ","-1,674 ","8,440,690 "
2010-03-02,"41,510 ","41,939 ","4,216 ","8,550,120 "
2010-03-03,"40,347 ","32,928 ",917 ,"8,588,050 "
2010-03-04,"38,304 ","33,087 ","1,356 ","8,564,810 "
2010-03-05,"34,408 ","34,526 ","1,429 ","8,650,710 "
2010-03-08,"36,781 ","48,661 ","5,071 ","8,783,600 "
2010-03-09,"63,471 ","45,586 ","3,221 ","8,786,680 "
2010-03-10,"50,008 ","39,453 ","1,479 ","8,794,440 "
2010-03-11,"52,900 ","48,068 ","-1,827 ","8,764,720 "
2010-03-12,"36,951 ","37,777 ","2,426 ","8,796,200 "
2010-03-15,"34,381 ","34,254 ",575 ,"8,728,610 "
2010-03-16,"51,256 ","50,051 ","3,950 ","8,722,070 "
2010-03-17,"60,600 ","57,729 ","6,605 ","8,982,820 "
2010-03-18,"43,450 ","47,988 ","2,970 ","8,943,370 "
2010-03-19,"44,181 ","42,879 ","2,862 ","9,001,800 "
2010-03-22,"34,760 ","38,386 ",413 ,"8,929,920 "
2010-03-23,"41,429 ","47,730 ","1,896 ","8,979,430 "
2010-03-24,"37,152 ","45,361 ","3,753 ","8,976,790 "
2010-03-25,"38,969 ","45,589 ","2,107 ","9,016,860 "
2010-03-26,"39,762 ","41,663 ","2,100 ","9,066,710 "
2010-03-29,"33,961 ","42,059 ","3,278 ","9,037,020 "
2010-03-30,"32,104 ","48,206 ","3,585 ","9,080,450 "
2010-03-31,"32,832 ","48,473 ","1,262 ","9,039,490 "
2010-04-01,"29,699 ","60,034 ","4,552 ","9,187,840 "
2010-04-02,"35,509 ","63,544 ","6,272 ","9,212,710 "
2010-04-05,"42,689 ","56,859 ","2,737 ","9,224,560 "
2010-04-06,"42,090 ","48,755 ","1,499 ","9,231,240 "
2010-04-07,"39,975 ","56,553 ","4,806 ","9,232,840 "
2010-04-08,"36,255 ","47,455 ","4,456 ","9,270,010 "
2010-04-09,"45,253 ","61,305 ","6,227 ","9,218,970 "
2010-04-12,"41,664 ","59,184 ",376 ,"9,137,840 "
2010-04-13,"36,962 ","44,548 ",-175 ,"9,140,200 "
2010-04-14,"43,159 ","58,025 ","2,133 ","9,261,670 "
2010-04-15,"46,487 ","69,340 ","5,191 ","9,306,960 "
2010-04-16,"38,111 ","50,928 ","1,844 ","9,258,050 "
2010-04-19,"36,756 ","43,891 ",-731 ,"9,103,110 "
2010-04-20,"52,227 ","49,908 ",-320 ,"9,171,300 "
2010-04-21,"53,504 ","60,776 ","2,830 ","9,329,060 "
2010-04-22,"52,808 ","58,232 ",957 ,"9,284,330 "
2010-04-23,"46,321 ","55,361 ","1,618 ","9,271,600 "
2010-04-26,"42,057 ","52,502 ","2,116 ","9,352,430 "
2010-04-27,"43,238 ","55,385 ","1,226 ","9,338,030 "
2010-04-28,"39,981 ","65,408 ",-432 ,"9,256,750 "
2010-04-29,"44,671 ","65,620 ",568 ,"9,247,280 "
2010-04-30,"41,207 ","67,030 ","4,405 ","9,317,430 "
2010-05-03,"41,410 ","55,098 ","-2,313 ","9,211,800 "
2010-05-04,"38,099 ","53,643 ",-97 ,"9,200,380 "
2010-05-06,"44,857 ","63,605 ","-7,515 ","9,019,010 "
2010-05-07,"45,639 ","74,598 ","-12,458 ","8,822,090 "
2010-05-10,"38,350 ","55,630 ","-3,325 ","8,980,490 "
2010-05-11,"45,706 ","65,063 ",156 ,"8,939,600 "
2010-05-12,"45,319 ","73,129 ","-4,078 ","9,132,770 "
2010-05-13,"39,796 ","60,225 ",674 ,"9,300,520 "
2010-05-14,"43,290 ","69,080 ","-2,071 ","9,314,720 "
2010-05-17,"40,248 ","71,364 ","-7,639 ","9,077,910 "
2010-05-18,"49,333 ","68,277 ","-4,232 ","9,029,660 "
2010-05-19,"41,750 ","67,587 ","-6,001 ","8,979,720 "
2010-05-20,"35,818 ","65,607 ","-3,859 ","8,816,220 "
2010-05-24,"27,082 ","47,995 ","-1,059 ","8,843,670 "
2010-05-25,"47,523 ","68,473 ","-5,819 ","8,599,340 "
2010-05-26,"35,816 ","65,771 ","-2,288 ","8,714,100 "
2010-05-27,"35,756 ","62,157 ","-3,093 ","8,855,090 "
2010-05-28,"31,591 ","59,785 ",587 ,"8,940,770 "
2010-05-31,"29,938 ","44,315 ","1,757 ","9,042,960 "
2010-06-01,"31,409 ","49,003 ",-692 ,"8,982,730 "
2010-06-03,"30,876 ","51,801 ","2,701 ","9,155,330 "
2010-06-04,"28,609 ","51,384 ",980 ,"9,170,280 "
2010-06-07,"30,088 ","48,727 ","-2,658 ","9,028,390 "
2010-06-08,"28,029 ","49,971 ","-2,130 ","9,100,470 "
2010-06-09,"31,511 ","54,761 ",-346 ,"9,074,670 "
2010-06-10,"30,793 ","54,234 ","-2,598 ","9,102,150 "
2010-06-11,"36,942 ","54,021 ","3,117 ","9,236,120 "
2010-06-14,"37,394 ","47,375 ","3,071 ","9,321,900 "
2010-06-15,"34,778 ","47,131 ",171 ,"9,319,150 "
2010-06-16,"37,996 ","55,125 ","3,440 ","9,403,390 "
2010-06-17,"36,977 ","55,984 ","2,312 ","9,417,410 "
2010-06-18,"29,374 ","45,549 ","2,639 ","9,437,470 "
2010-06-21,"39,191 ","59,914 ","2,979 ","9,588,030 "
2010-06-22,"40,466 ","53,140 ",-163 ,"9,539,640 "
2010-06-23,"37,181 ","50,101 ",-330 ,"9,507,740 "
2010-06-24,"31,377 ","44,455 ",284 ,"9,584,950 "
2010-06-25,"30,371 ","47,003 ","-1,526 ","9,531,000 "
2010-06-28,"34,699 ","40,351 ","-1,391 ","9,542,740 "
2010-06-29,"38,128 ","49,628 ",572 ,"9,409,210 "
2010-06-30,"34,173 ","54,029 ","-3,247 ","9,365,000 "
2010-07-01,"32,766 ","58,306 ","-2,736 ","9,295,530 "
2010-07-02,"34,494 ","55,467 ","-2,274 ","9,219,640 "
2010-07-05,"35,662 ","41,883 ",-636 ,"9,242,090 "
2010-07-06,"33,749 ","49,139 ","-3,388 ","9,296,430 "
2010-07-07,"34,570 ","46,316 ","-3,900 ","9,239,810 "
2010-07-08,"33,073 ","51,160 ",443 ,"9,366,180 "
2010-07-09,"47,178 ","55,827 ","3,126 ","9,502,040 "
2010-07-12,"34,588 ","46,772 ","3,405 ","9,566,360 "
2010-07-13,"41,205 ","56,700 ","2,940 ","9,571,900 "
2010-07-14,"53,446 ","80,794 ","9,080 ","9,700,790 "
2010-07-15,"39,285 ","55,716 ","4,848 ","9,665,310 "
2010-07-16,"37,649 ","60,338 ","2,995 ","9,594,020 "
2010-07-19,"28,211 ","45,507 ",-582 ,"9,557,070 "
2010-07-20,"30,803 ","48,754 ",-228 ,"9,587,070 "
2010-07-21,"37,593 ","58,560 ","2,460 ","9,654,010 "
2010-07-22,"40,518 ","71,794 ",44 ,"9,578,790 "
2010-07-23,"37,276 ","70,377 ","2,217 ","9,703,150 "
2010-07-26,"32,060 ","51,662 ","1,575 ","9,766,830 "
2010-07-27,"36,154 ","58,458 ","5,840 ","9,766,070 "
2010-07-28,"32,570 ","52,626 ","1,343 ","9,795,230 "
2010-07-29,"34,862 ","54,405 ","1,612 ","9,780,940 "
2010-07-30,"37,094 ","53,414 ",971 ,"9,728,200 "
2010-08-02,"33,286 ","58,194 ",698 ,"9,855,480 "
2010-08-03,"34,933 ","56,137 ","3,057 ","9,902,120 "
2010-08-04,"33,535 ","57,855 ","2,057 ","9,896,230 "
2010-08-05,"33,813 ","62,507 ","-1,554 ","9,863,280 "
2010-08-06,"33,626 ","56,907 ",-430 ,"9,859,960 "
2010-08-09,"29,070 ","41,338 ",590 ,"9,893,740 "
2010-08-10,"30,106 ","49,658 ",520 ,"9,845,500 "
2010-08-11,"38,036 ","54,593 ",-105 ,"9,720,250 "
2010-08-12,"35,976 ","54,141 ","-5,422 ","9,521,980 "
2010-08-13,"27,860 ","44,743 ","-1,610 ","9,659,020 "
2010-08-16,"31,446 ","41,857 ","-3,597 ","9,643,910 "
2010-08-17,"42,700 ","45,477 ","-1,398 ","9,706,950 "
2010-08-18,"37,148 ","50,220 ","1,444 ","9,745,850 "
2010-08-19,"34,495 ","52,498 ","1,551 ","9,842,230 "
2010-08-20,"36,200 ","51,283 ","1,774 ","9,818,550 "
2010-08-23,"33,033 ","53,138 ",381 ,"9,775,590 "
2010-08-24,"40,171 ","51,543 ",892 ,"9,736,820 "
2010-08-25,"34,628 ","47,772 ","-2,011 ","9,593,460 "
2010-08-26,"30,305 ","46,393 ",-930 ,"9,566,390 "
2010-08-27,"24,558 ","40,902 ","-1,358 ","9,567,320 "
2010-08-30,"24,736 ","39,589 ",350 ,"9,733,150 "
2010-08-31,"28,949 ","50,791 ",-485 ,"9,639,540 "
2010-09-01,"30,527 ","58,679 ",-428 ,"9,760,580 "
2010-09-02,"29,278 ","56,859 ",950 ,"9,820,450 "
2010-09-03,"31,202 ","60,576 ","2,376 ","9,842,140 "
2010-09-06,"32,811 ","54,582 ","3,587 ","9,909,860 "
2010-09-07,"31,686 ","48,372 ","2,390 ","9,884,530 "
2010-09-08,"32,253 ","50,048 ",-492 ,"9,838,430 "
2010-09-09,"36,787 ","60,964 ","-3,103 ","9,867,520 "
2010-09-10,"34,065 ","55,912 ","5,722 ","9,967,430 "
2010-09-13,"38,684 ","68,678 ","6,853 ","10,071,840 "
2010-09-14,"38,703 ","68,782 ","4,069 ","10,051,310 "
2010-09-15,"33,894 ","66,579 ","4,446 ","10,098,530 "
2010-09-16,"33,625 ","59,652 ","2,041 ","10,033,670 "
2010-09-17,"31,738 ","68,323 ","2,718 ","10,119,580 "
2010-09-20,"24,270 ","42,182 ","1,343 ","10,150,360 "
2010-09-24,"27,423 ","56,737 ","1,014 ","10,227,180 "
2010-09-27,"38,363 ","70,053 ","1,297 ","10,304,930 "
2010-09-28,"35,714 ","64,453 ",410 ,"10,282,200 "
2010-09-29,"35,993 ","73,382 ","3,636 ","10,340,420 "
2010-09-30,"35,355 ","62,980 ","4,207 ","10,376,670 "
2010-10-01,"36,620 ","69,204 ","4,668 ","10,401,410 "
2010-10-04,"39,250 ","72,563 ","6,518 ","10,418,630 "
2010-10-05,"34,273 ","64,427 ","2,420 ","10,417,570 "
2010-10-06,"39,206 ","77,032 ","8,547 ","10,557,810 "
2010-10-07,"39,896 ","76,247 ","1,153 ","10,538,580 "
2010-10-08,"37,407 ","71,242 ","1,749 ","10,516,430 "
2010-10-11,"34,119 ","61,867 ","2,210 ","10,475,460 "
2010-10-12,"31,547 ","59,290 ","-1,691 ","10,352,270 "
2010-10-13,"31,875 ","60,365 ","-1,426 ","10,397,720 "
2010-10-14,"37,510 ","75,776 ","1,521 ","10,530,200 "
2010-10-15,"36,933 ","63,823 ","1,184 ","10,546,160 "
2010-10-18,"37,219 ","56,734 ",424 ,"10,400,350 "
2010-10-19,"42,677 ","57,894 ","1,320 ","10,302,490 "
2010-10-20,"36,789 ","59,415 ","-2,000 ","10,376,560 "
2010-10-21,"41,487 ","72,021 ",31 ,"10,404,010 "
2010-10-22,"34,842 ","59,586 ","5,572 ","10,529,250 "
2010-10-25,"40,817 ","66,253 ","5,043 ","10,630,760 "
2010-10-26,"35,186 ","65,799 ","4,488 ","10,651,660 "
2010-10-27,"39,295 ","68,364 ",833 ,"10,596,050 "
2010-10-28,"34,838 ","56,000 ",570 ,"10,587,870 "
2010-10-29,"37,584 ","60,671 ","-3,411 ","10,450,860 "
2010-11-01,"34,330 ","60,741 ",-30 ,"10,626,000 "
2010-11-02,"34,083 ","64,984 ",89 ,"10,642,890 "
2010-11-03,"35,898 ","68,312 ","1,892 ","10,741,840 "
2010-11-04,"32,478 ","64,324 ","3,316 ","10,782,440 "
2010-11-05,"40,140 ","79,669 ","7,979 ","10,764,790 "
2010-11-08,"31,265 ","54,933 ","2,544 ","10,783,900 "
2010-11-09,"29,882 ","61,797 ",-343 ,"10,809,340 "
2010-11-10,"36,601 ","66,206 ","4,414 ","10,924,120 "
2010-11-11,"37,318 ","96,228 ","-13,094 ","10,635,730 "
2010-11-12,"46,547 ","94,593 ","8,761 ","10,625,520 "
2010-11-15,"30,380 ","61,569 ","2,248 ","10,630,580 "
2010-11-16,"33,633 ","70,416 ",744 ,"10,551,990 "
2010-11-17,"29,329 ","58,521 ","-3,041 ","10,540,900 "
2010-11-18,"27,142 ","57,303 ","-1,568 ","10,710,130 "
2010-11-19,"29,269 ","60,905 ","1,910 ","10,785,480 "
2010-11-22,"33,055 ","74,754 ","1,956 ","10,807,050 "
2010-11-23,"37,779 ","74,411 ","1,830 ","10,722,650 "
2010-11-24,"45,150 ","81,255 ",493 ,"10,707,080 "
2010-11-25,"32,335 ","57,327 ","-1,724 ","10,715,960 "
2010-11-26,"45,921 ","58,268 ",568 ,"10,573,480 "
2010-11-29,"29,980 ","46,115 ","-1,617 ","10,536,890 "
2010-11-30,"44,369 ","62,071 ",-966 ,"10,586,440 "
2010-12-01,"33,916 ","50,304 ",374 ,"10,723,370 "
2010-12-02,"43,901 ","59,241 ","4,000 ","10,844,740 "
2010-12-03,"43,859 ","69,110 ","3,609 ","10,884,220 "
2010-12-06,"46,028 ","55,191 ",-129 ,"10,863,650 "
2010-12-07,"63,916 ","63,032 ",833 ,"10,912,620 "
2010-12-08,"49,639 ","55,094 ","2,598 ","10,875,660 "
2010-12-09,"44,835 ","70,155 ","3,332 ","11,059,480 "
2010-12-10,"37,386 ","55,921 ",-16 ,"11,042,900 "
2010-12-13,"38,563 ","51,767 ",399 ,"11,100,580 "
2010-12-14,"39,659 ","64,845 ","5,461 ","11,182,790 "
2010-12-15,"49,027 ","66,914 ","3,870 ","11,229,200 "
2010-12-16,"36,251 ","54,732 ",574 ,"11,182,130 "
2010-12-17,"50,350 ","69,095 ","1,799 ","11,278,850 "
2010-12-20,"40,915 ","72,072 ","1,831 ","11,246,450 "
2010-12-21,"37,045 ","73,964 ",-322 ,"11,337,770 "
2010-12-22,"33,535 ","62,043 ","3,518 ","11,343,970 "
2010-12-23,"34,107 ","52,389 ","1,406 ","11,345,080 "
2010-12-24,"31,744 ","54,370 ",724 ,"11,302,980 "
2010-12-27,"28,287 ","53,962 ","1,610 ","11,265,350 "
2010-12-28,"36,019 ","60,517 ","2,459 ","11,327,150 "
2010-12-29,"28,256 ","50,546 ",-214 ,"11,376,990 "
2010-12-30,"30,588 ","53,969 ","-1,460 ","11,418,850 "
2010-12-31,,,,
2011-01-03,"35,408","59,415","3,115","11,532,040"
2011-01-04,"41,591","77,997","5,365","11,633,840"
2011-01-05,"38,606","86,094","1,311","11,620,090"
2011-01-06,"40,783","88,044","3,389","11,593,010"
2011-01-07,"33,556","76,759",-512,"11,642,430"
2011-01-10,"34,264","73,248","-2,255","11,612,960"
2011-01-11,"41,095","70,214","-1,019","11,653,260"
2011-01-12,"43,326","80,178","3,207","11,690,570"
2011-01-13,"42,421","92,043","1,411","11,658,400"
2011-01-14,"42,472","89,019","-1,447","11,763,400"
2011-01-17,"42,836","81,592",-359,"11,718,630"
2011-01-18,"45,489","80,550",-218,"11,715,950"
2011-01-19,"42,547","87,414",36,"11,824,750"
2011-01-20,"33,546","66,104","-1,364","11,771,570"
2011-01-21,"39,540","75,287","-2,975","11,566,430"
2011-01-24,"34,024","60,988","-1,262","11,632,330"
2011-01-25,"42,096","74,674",778,"11,659,460"
2011-01-26,"36,936","62,497","1,181","11,792,190"
2011-01-27,"35,886","74,610","3,618","11,819,180"
2011-01-28,"41,296","80,036","-1,562","11,781,520"
2011-01-31,"32,090","74,094","-6,972","11,567,460"
2011-02-01,"29,081","62,252","-1,438","11,526,240"
2011-02-07,"28,594","66,368",81,"11,577,850"
2011-02-08,"30,033","73,444",-821,"11,506,740"
2011-02-09,"33,319","68,343","-4,765","11,374,760"
2011-02-10,"30,976","72,071","-10,997","11,168,280"
2011-02-11,"31,729","74,520","-6,173","10,993,560"
2011-02-14,"27,951","57,843",340,"11,202,300"
2011-02-15,"27,503","58,688",-521,"11,183,180"
2011-02-16,"29,763","57,509","-2,039","11,059,810"
2011-02-17,"34,028","69,070",779,"10,996,130"
2011-02-18,"49,397","59,190",988,"11,191,220"
2011-02-21,"32,424","59,682","1,762","11,165,960"
2011-02-22,"34,609","62,306","-3,183","10,968,870"
2011-02-23,"30,859","57,448","-1,586","10,934,250"
2011-02-24,"28,157","54,427","-1,737","10,871,670"
2011-02-25,"30,689","50,290","-3,193","10,994,790"
2011-02-28,"26,387","46,985","-2,252","10,863,520"
2011-03-02,"20,767","46,809",-727,"10,803,780"
2011-03-03,"28,483","52,057","1,725","11,037,180"
2011-03-04,"33,458","61,755","3,955","11,231,850"
2011-03-07,"25,592","48,024",-475,"11,095,810"
2011-03-08,"30,475","54,805","-3,916","11,187,170"
2011-03-09,"31,536","65,748",-364,"11,216,750"
2011-03-10,"28,839","72,949","-11,776","11,119,150"
2011-03-11,"26,717","55,411","-5,045","10,974,370"
2011-03-14,"38,862","95,634","1,351","11,066,860"
2011-03-15,"40,389","98,482","-2,312","10,801,480"
2011-03-16,"28,442","71,788",5,"10,988,610"
2011-03-17,"30,571","69,354","1,195","10,991,820"
2011-03-18,"29,130","69,331","1,436","11,113,770"
2011-03-21,"29,226","57,105","1,338","11,236,390"
2011-03-22,"30,411","74,977","2,371","11,287,600"
2011-03-23,"31,257","76,052","1,265","11,280,650"
2011-03-24,"29,549","67,317","2,764","11,417,780"
2011-03-25,"31,122","72,565","3,607","11,519,480"
2011-03-28,"28,536","64,851","1,653","11,532,250"
2011-03-29,"25,047","63,217","1,791","11,618,740"
2011-03-30,"31,686","83,692","4,938","11,729,890"
2011-03-31,"31,789","84,063","6,918","11,814,170"
2011-04-01,"33,794","76,534","7,366","11,897,730"
2011-04-04,"30,180","80,925","1,820","11,864,950"
2011-04-05,"32,766","67,209","2,179","11,945,940"
2011-04-06,"42,305","89,375","5,180","11,925,240"
2011-04-07,"38,281","74,286",649,"11,899,930"
2011-04-08,"39,284","88,804","1,130","11,931,170"
2011-04-11,"31,607","74,144","1,030","11,899,110"
2011-04-12,"31,114","70,240","-2,237","11,714,910"
2011-04-13,"34,809","69,184",-203,"11,898,780"
2011-04-14,"37,173","95,098",-186,"12,005,850"
2011-04-15,"35,665","83,172","-1,540","12,002,710"
2011-04-18,"35,828","95,772",-246,"11,986,130"
2011-04-19,"37,503","90,422","-5,421","11,903,790"
2011-04-20,"37,432","102,742","1,745","12,166,380"
2011-04-21,"41,598","127,195","8,342","12,324,580"
2011-04-22,"39,081","98,814","2,102","12,316,750"
2011-04-25,"35,402","81,521","1,255","12,418,270"
2011-04-26,"43,934","114,816",790,"12,367,390"
2011-04-27,"42,320","132,591","6,802","12,372,550"
2011-04-28,"35,485","105,248",88,"12,384,930"
2011-04-29,"36,412","113,700",773,"12,298,130"
2011-05-02,"30,249","84,172","1,990","12,502,880"
2011-05-03,"37,510","85,573",346,"12,344,600"
2011-05-04,"39,374","84,619",141,"12,230,670"
2011-05-06,"34,419","86,019","-2,397","12,046,780"
2011-05-09,"25,393","58,748",693,"12,001,530"
2011-05-11,"37,804","71,453","1,420","12,154,220"
2011-05-12,"38,225","76,066","-9,971","11,909,660"
2011-05-13,"39,707","86,683","-6,413","11,897,470"
2011-05-16,"27,362","62,445","-5,126","11,807,040"
2011-05-17,"30,079","58,169","-2,330","11,796,350"
2011-05-18,"25,999","72,154",-522,"11,982,820"
2011-05-19,"28,336","79,612","-3,813","11,757,160"
2011-05-20,"28,278","61,824","-1,218","11,843,950"
2011-05-23,"29,295","23,500","-4,093","11,534,580"
2011-05-24,"26,852","60,956","-2,713","11,565,640"
2011-05-25,"34,497","69,247",-742,"11,423,900"
2011-05-26,"29,670","72,795","2,889","11,735,400"
2011-05-27,"27,278","72,373","2,220","11,782,670"
2011-05-30,"21,319","57,471",-846,"11,745,150"
2011-05-31,"30,326","94,967","4,871","12,015,360"
2011-06-01,"29,471","81,241",491,"12,016,590"
2011-06-02,"24,878","73,075",-351,"11,866,030"
2011-06-03,"26,411","68,582",257,"11,869,580"
2011-06-07,"24,662","62,136","2,193","11,793,330"
2011-06-08,"28,137","66,659",901,"11,704,460"
2011-06-09,"28,366","73,936","-6,609","11,637,440"
2011-06-10,"26,587","71,812",-357,"11,502,480"
2011-06-13,"21,848","56,088","-2,019","11,511,540"
2011-06-14,"20,952","62,017",-474,"11,671,730"
2011-06-15,"22,916","60,806",133,"11,727,630"
2011-06-16,"23,416","58,870","-2,112","11,506,310"
2011-06-17,"28,248","81,016","-1,883","11,420,980"
2011-06-20,"22,918","63,772","-1,295","11,348,880"
2011-06-21,"27,861","68,135",24,"11,509,340"
2011-06-22,"26,384","63,532",-158,"11,597,680"
2011-06-23,"25,964","54,072","-1,324","11,551,970"
2011-06-24,"29,410","81,048",528,"11,747,950"
2011-06-27,"24,653","49,589","-1,028","11,630,160"
2011-06-28,"32,864","58,700",-345,"11,588,970"
2011-06-29,"25,615","59,159","4,215","11,776,290"
2011-06-30,"25,729","64,284","1,830","11,834,690"
2011-07-01,"27,341","68,118","1,661","11,976,920"
2011-07-04,"29,046","67,602","1,609","12,088,990"
2011-07-05,"28,488","64,601","3,749","12,183,310"
2011-07-06,"27,594","72,779","1,702","12,235,420"
2011-07-07,"35,559","82,398","5,380","12,287,580"
2011-07-08,"32,302","93,180","17,200","12,289,170"
2011-07-11,"24,069","56,159","1,095","12,160,620"
2011-07-12,"28,642","62,464","-3,856","11,896,550"
2011-07-13,"30,609","65,695","-1,956","12,006,280"
2011-07-14,"30,742","81,986",-509,"12,011,920"
2011-07-15,"27,210","61,118","-1,331","12,095,840"
2011-07-18,"32,900","60,955","-2,107","12,012,830"
2011-07-19,"30,346","61,570","-3,104","12,012,010"
2011-07-20,"37,391","83,875","-1,345","12,152,230"
2011-07-21,"36,234","73,422","-1,809","12,095,510"
2011-07-22,"41,296","73,511","1,637","12,246,210"
2011-07-25,"34,197","59,318",-625,"12,130,220"
2011-07-26,"33,015","67,043",-302,"12,232,280"
2011-07-27,"29,709","63,195",-439,"12,262,840"
2011-07-28,"29,952","58,828","-1,232","12,159,770"
2011-07-29,"32,877","60,201","-1,469","12,035,780"
2011-08-01,"26,285","64,270","2,472","12,257,430"
2011-08-02,"35,031","76,957","-3,710","11,971,480"
2011-08-03,"43,448","80,450","-7,815","11,660,880"
2011-08-04,"35,639","76,577","-4,406","11,392,950"
2011-08-05,"48,097","103,973","-4,053","10,971,600"
2011-08-08,"57,111","108,101",-816,"10,552,520"
2011-08-09,"68,499","135,050","-11,717","10,167,560"
2011-08-10,"48,631","111,972","-12,759","10,199,020"
2011-08-11,"43,890","88,889","-2,826","10,262,260"
2011-08-12,"46,885","89,932","-2,792","10,126,400"
2011-08-16,"42,345","70,920","6,620","10,614,880"
2011-08-17,"43,098","63,688",-97,"10,685,140"
2011-08-18,"50,335","84,606","-1,530","10,503,280"
2011-08-19,"50,384","95,098","-2,568","9,855,080"
2011-08-22,"42,027","72,818","-2,399","9,664,780"
2011-08-23,"42,846","80,966",-700,"10,035,770"
2011-08-24,"41,256","77,599",911,"9,913,730"
2011-08-25,"39,818","60,392",-453,"9,974,860"
2011-08-26,"31,099","49,509",-615,"10,057,070"
2011-08-29,"33,910","64,998","-1,648","10,339,640"
2011-08-30,"49,317","65,185","1,984","10,421,820"
2011-08-31,"41,035","65,487","2,680","10,626,630"
2011-09-01,"50,040","87,221","10,926","10,633,980"
2011-09-02,"44,256","55,291",-800,"10,561,070"
2011-09-05,"41,404","59,025","-3,319","10,098,670"
2011-09-06,"50,530","65,927","-4,396","9,992,770"
2011-09-07,"41,789","61,580","-3,277","10,371,690"
2011-09-08,"41,666","70,198",-20,"10,446,480"
2011-09-09,"33,192","55,233","-1,132","10,260,160"
2011-09-14,"33,970","58,730","-6,873","9,898,230"
2011-09-15,"39,210","63,224","-1,864","10,040,120"
2011-09-16,"43,007","76,398",879,"10,406,740"
2011-09-19,"33,558","49,860",50,"10,298,800"
2011-09-20,"32,124","55,384","-1,761","10,396,520"
2011-09-21,"29,758","59,718","2,726","10,487,630"
2011-09-22,"29,539","57,838","-3,011","10,184,190"
2011-09-23,"41,184","75,651","-6,677","9,603,250"
2011-09-26,"42,426","73,720","-2,582","9,353,820"
2011-09-27,"33,982","62,264","1,690","9,822,190"
2011-09-28,"34,443","63,604","3,223","9,758,910"
2011-09-29,"37,392","66,826","1,234","10,016,680"
2011-09-30,"35,416","65,514","2,183","10,019,200"
2011-10-04,"30,154","67,532","-4,511","9,668,190"
2011-10-05,"33,630","76,770","-2,995","9,447,630"
2011-10-06,"35,263","78,685","1,146","9,693,650"
2011-10-07,"33,473","75,635","3,813","9,967,280"
2011-10-10,"27,464","50,331","-1,018","10,005,390"
2011-10-11,"39,999","71,532","3,299","10,165,180"
2011-10-12,"35,535","58,310",-31,"10,247,520"
2011-10-13,"43,155","66,497","4,421","10,325,940"
2011-10-14,"34,901","50,797",429,"10,399,830"
2011-10-17,"36,773","59,227","2,505","10,564,860"
2011-10-18,"32,346","63,864","1,459","10,417,990"
2011-10-19,"34,001","57,689",-314,"10,512,770"
2011-10-20,"34,912","67,975","-1,134","10,229,610"
2011-10-21,"35,518","64,636","-2,641","10,417,000"
2011-10-24,"37,390","67,752","1,780","10,752,170"
2011-10-25,"35,477","60,988","3,496","10,698,560"
2011-10-26,"38,479","56,229",-959,"10,727,050"
2011-10-27,"41,828","80,661","1,714","10,880,590"
2011-10-28,"50,876","101,245","4,713","10,926,190"
2011-10-31,"39,370","64,332","1,390","10,817,860"
2011-11-01,"35,363","62,854","1,673","10,826,970"
2011-11-02,"38,959","67,580","-3,506","10,760,050"
2011-11-03,"43,642","63,007",-390,"10,600,870"
2011-11-04,"46,660","71,615",692,"10,931,020"
2011-11-07,"34,970","52,780","1,379","10,879,080"
2011-11-08,"40,321","52,309",271,"10,787,960"
2011-11-09,"43,462","61,956","-2,673","10,816,590"
2011-11-10,"40,193","79,029","5,048","10,286,170"
2011-11-11,"29,691","52,797","-2,655","10,570,520"
2011-11-14,"32,727","52,680","1,334","10,788,540"
2011-11-15,"36,143","48,469",-753,"10,690,860"
2011-11-16,"40,776","56,764",887,"10,540,720"
2011-11-17,"35,314","47,607","-3,385","10,652,880"
2011-11-18,"33,705","48,146","-4,042","10,436,480"
2011-11-21,"29,974","40,180","-2,879","10,327,810"
2011-11-22,"27,110","29,459","-3,216","10,365,240"
2011-11-23,"41,124","46,655","-4,200","10,117,270"
2011-11-24,"28,037","41,950","-2,706","10,193,010"
2011-11-25,"30,641","43,113","-3,534","10,086,770"
2011-11-28,"27,768","43,044","-1,935","10,305,940"
2011-11-29,"32,952","63,370","4,147","10,543,140"
2011-11-30,"33,455","65,027","3,951","10,491,410"
2011-12-01,"50,046","93,385","6,336","10,878,160"
2011-12-02,"38,933","58,242","1,022","10,878,380"
2011-12-05,"33,024","41,663",-652,"10,917,850"
2011-12-06,"38,343","46,440","-1,512","10,804,100"
2011-12-07,"40,280","58,068",-256,"10,905,150"
2011-12-08,"42,692","60,044","2,034","10,878,880"
2011-12-09,"37,281","51,324","-4,235","10,665,650"
2011-12-12,"40,963","53,659",-2,"10,807,140"
2011-12-13,"45,008","52,719","-2,071","10,602,530"
2011-12-14,"40,193","44,102","-3,450","10,563,550"
2011-12-15,"40,962","53,914","2,034","10,346,360"
2011-12-16,"48,995","43,777",321,"10,465,340"
2011-12-19,"68,431","66,833","-2,409","10,108,700"
2011-12-20,"38,977","39,927","-3,240","10,199,830"
2011-12-21,"51,691","52,392","3,299","10,514,390"
2011-12-22,"40,641","31,360",-158,"10,511,560"
2011-12-23,"46,633","43,226","1,902","10,640,150"
2011-12-26,"43,475","30,386",842,"10,590,140"
2011-12-27,"52,992","43,590",966,"10,508,890"
2011-12-28,"37,866","33,055",314,"10,410,040"
2011-12-29,"34,465","36,321",148,"10,419,990"
2011-12-30,,,,
2012-01-02,"32,336","33,043","-1,005","10,423,250"
2012-01-03,"44,347","48,319","3,218","10,700,590"
2012-01-04,"49,450","47,144","2,983","10,647,390"
2012-01-05,"53,377","48,567",-373,"10,632,810"
2012-01-06,"47,268","44,245",-472,"10,517,280"
2012-01-09,"39,551","42,375",-775,"10,436,230"
2012-01-10,"38,864","49,280",289,"10,587,280"
2012-01-11,"44,796","48,620","1,124","10,546,560"
2012-01-12,"47,634","54,074","1,498","10,651,040"
2012-01-13,"47,503","59,555","6,045","10,715,015"
2012-01-16,"39,192","39,381",63,"10,620,451"
2012-01-17,"43,199","60,039","4,263","10,810,101"
2012-01-18,"42,800","60,692","4,471","10,811,497"
2012-01-19,"37,437","64,806","7,432","10,943,326"
2012-01-20,"40,478","73,591","14,418","11,142,588"
2012-01-25,"37,593","61,689","9,395","11,155,522"
2012-01-26,"40,802","55,494","4,643","11,178,418"
2012-01-27,"44,892","61,480","5,003","11,222,088"
2012-01-30,"41,170","63,960",-763,"11,083,650"
2012-01-31,"46,919","67,073","1,403","11,171,520"
2012-02-01,"50,106","71,563","4,156","11,190,100"
2012-02-02,"64,105","87,760","10,096","11,332,360"
2012-02-03,"53,588","75,221","-1,219","11,262,290"
2012-02-06,"52,322","72,925","1,766","11,268,340"
2012-02-07,"53,941","65,817","3,649","11,318,130"
2012-02-08,"58,791","74,954","3,974","11,442,400"
2012-02-09,"55,764","79,823","1,053","11,503,050"
2012-02-10,"69,674","76,151",883,"11,381,810"
2012-02-13,"45,279","57,571","1,683","11,451,560"
2012-02-14,"51,588","66,777",209,"11,436,300"
2012-02-15,"68,147","76,942","2,555","11,567,370"
2012-02-16,"69,669","68,577",-537,"11,411,390"
2012-02-17,"73,109","74,805","2,624","11,560,760"
2012-02-20,"73,391","62,494","1,643","11,569,130"
2012-02-21,"70,902","56,227","1,291","11,565,577"
2012-02-22,"88,374","62,117","3,102","11,589,910"
2012-02-23,"69,012","63,792",-364,"11,501,290"
2012-02-24,"71,791","57,120","1,707","11,571,180"
2012-02-27,"63,601","55,811",-288,"11,409,680"
2012-02-28,"60,793","63,544",-813,"11,480,950"
2012-02-29,"56,264","68,142","5,325","11,633,810"
2012-03-02,"48,319","58,427","3,748","11,659,460"
2012-03-05,"54,801","51,274",-471,"11,551,980"
2012-03-06,"55,473","52,982","-2,263","11,464,260"
2012-03-07,"51,129","49,764","-3,708","11,360,450"
2012-03-08,"45,609","63,811","-4,209","11,470,290"
2012-03-09,"41,640","54,050",166,"11,572,430"
2012-03-12,"37,548","48,125","-1,466","11,482,084"
2012-03-13,"44,892","56,572","1,205","11,616,504"
2012-03-14,"54,111","64,273","5,359","11,733,235"
2012-03-15,"47,611","60,063","1,691","11,729,985"
2012-03-16,"46,424","59,133","3,111","11,681,053"
2012-03-19,"55,580","49,766",345,"11,755,108"
2012-03-20,"54,034","54,042",124,"11,728,158"
2012-03-21,"51,707","51,742","-1,509","11,641,592"
2012-03-22,"54,173","53,014",-499,"11,640,513"
2012-03-23,"50,677","48,290",481,"11,646,932"
2012-03-26,"43,698","45,911",-451,"11,602,208"
2012-03-27,"60,641","51,473","3,446","11,724,774"
2012-03-28,"53,380","51,178",-622,"11,680,878"
2012-03-29,"47,032","50,075",374,"11,578,488"
2012-03-30,"44,987","53,330",221,"11,575,820"
2012-04-02,"40,992","43,393",-177,"11,664,467"
2012-04-03,"59,328","60,898","2,660","11,781,381"
2012-04-04,"62,154","64,265","2,259","11,606,380"
2012-04-05,"54,931","57,735",30,"11,668,560"
2012-04-06,"53,631","45,632","2,290","11,669,800"
2012-04-09,"46,675","43,207",-574,"11,488,610"
2012-04-10,"54,374","49,667",-823,"11,479,030"
2012-04-12,"39,151","50,139","-3,568","11,434,250"
2012-04-13,"49,529","54,892",294,"11,563,880"
2012-04-16,"45,252","39,367","-1,218","11,469,900"
2012-04-17,"44,568","39,894","-3,011","11,418,840"
2012-04-18,,,"1,390","11,530,810"
2012-04-19,"41,212","41,309",-873,"11,504,760"
2012-04-20,"51,873","48,412","-3,279","11,358,530"
2012-04-23,"58,516","35,790","-1,219","11,344,620"
2012-04-24,"63,080","50,469",93,"11,294,000"
2012-04-25,"68,175","50,909",-22,"11,292,360"
2012-04-26,"60,742","53,481","1,743","11,311,310"
2012-04-27,"48,470","53,495","3,219","11,376,500"
2012-04-30,"83,787","63,604","3,135","11,416,670"
2012-05-02,"65,304","66,882","-1,319","11,512,910"
2012-05-03,"68,581","46,614","-1,327","11,487,990"
2012-05-04,"60,882","49,484",-965,"11,448,030"
2012-05-07,"53,366","47,813","-4,425","11,258,720"
2012-05-08,"49,269","42,258","-3,232","11,317,490"
2012-05-09,"46,802","49,646","-3,437","11,225,280"
2012-05-10,"42,506","44,656","-2,078","11,195,640"
2012-05-11,"53,593","44,445","-1,674","11,038,530"
2012-05-14,"39,900","40,804","-1,572","11,023,330"
2012-05-15,"52,459","52,411","-1,845","10,929,890"
2012-05-16,"42,619","55,656","-4,912","10,592,070"
2012-05-17,"44,429","56,834",-514,"10,621,320"
2012-05-18,"54,777","57,543","-4,298","10,261,480"
2012-05-21,"41,413","42,776",-579,"10,359,100"
2012-05-22,"42,837","49,432",-39,"10,532,810"
2012-05-23,"44,756","42,061","-3,825","10,417,670"
2012-05-24,"40,790","36,014","-2,322","10,447,040"
2012-05-25,"38,649","35,856","1,351","10,502,710"
2012-05-29,"32,800","38,169",296,"10,650,150"
2012-05-30,"41,704","39,178","1,581","10,621,170"
2012-05-31,"44,795","46,606",-202,"10,613,200"
2012-06-01,"33,442","35,872","-2,013","10,563,680"
2012-06-04,"39,506","49,415","-2,728","10,265,930"
2012-06-05,"33,883","35,460","-3,200","10,368,390"
2012-06-07,"40,344","46,774","3,079","10,640,840"
2012-06-08,,,90,"10,567,000"
2012-06-11,"38,222","44,089","2,188","10,752,080"
2012-06-12,"42,137","36,322",-391,"10,682,640"
2012-06-13,"55,826","38,055","1,567","10,708,410"
2012-06-14,"42,664","48,966",767,"10,777,910"
2012-06-15,"45,251","47,780","-2,007","10,700,120"
2012-06-18,"37,628","44,402","3,752","10,889,740"
2012-06-19,"38,091","35,354","1,932","10,893,250"
2012-06-20,"36,774","37,053","2,364","10,964,590"
2012-06-21,"39,017","39,484",262,"10,878,040"
2012-06-22,"30,071","43,484","-2,402","10,636,110"
2012-06-25,"29,123","41,527","-4,982","10,507,850"
2012-06-26,"31,327","36,482","-3,030","10,466,650"
2012-06-27,"31,948","43,087","-2,414","10,467,910"
2012-06-28,"30,966","31,955",-623,"10,477,960"
2012-06-29,"32,063","43,916","-1,545","10,682,890"
2012-07-02,"27,363","36,085",412,"10,666,610"
2012-07-03,"34,820","48,767",245,"10,757,340"
2012-07-04,"33,614","45,851","1,733","10,795,560"
2012-07-05,"32,418","36,545",140,"10,801,260"
2012-07-06,"34,065","36,358",181,"10,702,610"
2012-07-09,"28,204","33,172","-3,345","10,571,730"
2012-07-10,"36,886","33,728","-1,162","10,534,080"
2012-07-11,"33,669","33,586","-2,268","10,516,900"
2012-07-12,"32,083","43,588","-2,414","10,286,690"
2012-07-13,"34,854","47,188","-3,355","10,447,440"
2012-07-16,"26,835","32,553",-846,"10,477,250"
2012-07-17,"41,261","48,330","3,181","10,501,990"
2012-07-18,"45,466","44,576",-430,"10,348,680"
2012-07-19,"48,868","47,247",729,"10,509,490"
2012-07-20,"41,210","36,464","1,972","10,509,700"
2012-07-23,"50,213","36,513","-1,854","10,319,540"
2012-07-24,"49,062","41,729",-206,"10,348,110"
2012-07-25,"46,802","38,421",-884,"10,205,020"
2012-07-26,"40,956","38,634",-439,"10,281,070"
2012-07-27,"39,761","46,027","4,808","10,549,780"
2012-07-30,"33,720","38,758","4,933","10,638,610"
2012-07-31,"35,915","56,337","6,196","10,863,950"
2012-08-01,"29,130","38,161",494,"10,847,910"
2012-08-02,"27,046","33,900","2,131","10,784,980"
2012-08-03,"25,794","36,736",-596,"10,664,060"
2012-08-06,"24,557","41,827","1,643","10,878,830"
2012-08-07,"32,527","35,254",636,"10,883,940"
2012-08-08,"48,557","56,263","7,342","10,979,770"
2012-08-09,"49,527","65,184","15,677","11,191,100"
2012-08-10,"32,653","40,496","6,598","11,223,810"
2012-08-13,"35,265","31,529","2,642","11,142,550"
2012-08-14,"34,111","40,891","4,329","11,282,710"
2012-08-16,"43,051","40,551","3,557","11,287,530"
2012-08-17,"37,245","46,971","5,146","11,217,290"
2012-08-20,"35,794","38,262",354,"11,213,250"
2012-08-21,"40,753","38,281","2,569","11,200,760"
2012-08-22,"42,280","40,949","1,909","11,156,240"
2012-08-23,"60,439","42,451","1,064","11,198,300"
2012-08-24,"63,135","44,193","-2,107","11,068,410"
2012-08-27,"57,293","60,226","3,533","11,045,420"
2012-08-28,"61,192","44,818","-1,158","11,038,800"
2012-08-29,"59,239","48,777","-1,148","11,110,610"
2012-08-30,"74,776","50,137","-1,506","10,983,050"
2012-08-31,"65,911","44,718",-456,"10,980,730"
2012-09-03,"59,714","42,502",716,"11,023,010"
2012-09-04,"88,154","46,905",319,"10,992,980"
2012-09-05,"62,414","46,897",-559,"10,805,070"
2012-09-06,"75,289","42,512","-1,869","10,846,870"
2012-09-07,"59,768","58,822","3,107","11,127,610"
2012-09-10,"62,084","43,258","2,145","11,101,890"
2012-09-11,"71,873","43,425","2,124","11,073,820"
2012-09-12,"70,840","52,532",661,"11,241,030"
2012-09-13,"98,308","60,968","1,304","11,244,900"
2012-09-14,"102,386","91,876","12,830","11,569,660"
2012-09-17,"88,169","65,812","5,145","11,538,940"
2012-09-18,"85,527","51,122",581,"11,551,060"
2012-09-19,"95,992","58,114","1,743","11,564,710"
2012-09-20,"61,839","53,632","1,665","11,462,510"
2012-09-21,"64,920","49,644","1,680","11,532,670"
2012-09-24,"48,297","42,726",-2,"11,542,920"
2012-09-25,"52,899","45,968",-123,"11,474,130"
2012-09-26,"120,979","48,520",241,"11,411,970"
2012-09-27,"69,372","47,274","-1,289","11,459,890"
2012-09-28,"67,817","50,876","2,333","11,506,260"
2012-10-02,"49,628","36,789",479,"11,506,530"
2012-10-04,"59,693","49,511",-626,"11,486,380"
2012-10-05,"68,122","44,807",-472,"11,500,750"
2012-10-08,"50,831","45,653","3,760","11,425,620"
2012-10-09,"51,687","37,930",-660,"11,408,390"
2012-10-10,"44,939","47,256",841,"11,232,030"
2012-10-11,"46,411","46,784","-2,005","11,143,740"
2012-10-12,"39,879","37,854","-2,880","11,145,410"
2012-10-15,"56,791","45,915","-1,711","11,102,370"
2012-10-16,"53,840","38,501",-344,"11,196,460"
2012-10-17,"49,978","42,599",248,"11,276,210"
2012-10-18,"49,496","42,904",535,"11,299,590"
2012-10-19,"38,323","41,519","-2,200","11,211,290"
2012-10-22,"45,810","38,191",-711,"11,200,390"
2012-10-23,"53,899","42,088",-547,"11,118,550"
2012-10-24,"56,464","56,482","-3,192","11,042,380"
2012-10-25,"43,807","48,735",-31,"11,107,120"
2012-10-26,"43,752","46,055","-1,659","10,917,620"
2012-10-29,"37,173","41,742","-1,314","10,917,520"
2012-10-30,"33,413","34,516","1,032","10,965,940"
2012-10-31,"39,725","38,344",-403,"11,035,770"
2012-11-01,"40,238","52,896","2,088","10,957,290"
2012-11-02,"44,121","55,800","1,410","11,073,390"
2012-11-05,"34,343","46,099",-528,"11,010,720"
2012-11-06,"54,583","45,725",37,"11,125,940"
2012-11-07,"55,671","46,796","1,329","11,180,440"
2012-11-08,"65,965","53,913","-1,178","11,049,880"
2012-11-09,"63,623","48,019","-2,650","11,002,250"
2012-11-12,"47,326","37,796","-1,551","10,981,880"
2012-11-13,"49,488","39,259",-5,"10,919,470"
2012-11-14,"53,394","47,613",-705,"10,947,400"
2012-11-15,"45,085","41,844","-2,577","10,811,060"
2012-11-16,"46,505","40,592","-1,337","10,755,070"
2012-11-19,"34,936","32,571","-1,314","10,853,240"
2012-11-20,"37,235","37,204",504,"10,925,420"
2012-11-21,"38,080","40,067","1,644","10,892,640"
2012-11-22,"41,282","37,611",-373,"10,982,330"
2012-11-23,"32,995","35,909","1,638","11,051,990"
2012-11-26,"27,675","32,322",277,"11,034,150"
2012-11-27,"58,828","48,185",-671,"11,129,840"
2012-11-28,"40,891","39,105","-2,622","11,058,480"
2012-11-29,"38,879","48,560",452,"11,187,400"
2012-11-30,"33,727","45,372",909,"11,172,900"
2012-12-03,"31,489","33,912","2,726","11,217,250"
2012-12-04,"29,480","29,301",951,"11,190,330"
2012-12-05,"49,258","41,494","1,368","11,260,890"
2012-12-06,"34,532","46,878","2,129","11,274,570"
2012-12-07,"41,345","44,117","2,023","11,318,050"
2012-12-10,"36,757","36,926","2,787","11,320,700"
2012-12-11,"40,483","45,588","2,029","11,361,010"
2012-12-12,"45,971","47,050","2,098","11,420,010"
2012-12-13,"42,146","60,471","5,348","11,576,940"
2012-12-14,"35,050","43,197",802,"11,534,670"
2012-12-17,"36,668","43,009","1,716","11,459,670"
2012-12-18,"45,427","46,421","2,208","11,518,870"
2012-12-20,"42,193","55,370","3,129","11,553,840"
2012-12-21,"55,367","53,622","3,793","11,445,440"
2012-12-24,"34,817","32,456","2,247","11,455,320"
2012-12-26,"45,799","36,187","2,393","11,457,460"
2012-12-27,"37,607","30,658","-1,672","11,484,950"
2012-12-28,"30,293","32,991",-280,"11,541,470"
2012-12-31,,,,
2013-01-02,"36,408","44,585","1,740","11,737,090"
2013-01-03,"49,101","60,936","1,111","11,669,450"
2013-01-04,"37,886","47,905",544,"11,624,980"
2013-01-07,"53,622","40,095",-334,"11,627,580"
2013-01-08,"49,373","39,920",459,"11,554,730"
2013-01-09,"60,758","40,269",105,"11,517,820"
2013-01-10,"50,078","45,565",14,"11,610,430"
2013-01-11,"47,256","44,283",-115,"11,551,520"
2013-01-14,"45,475","43,376",-924,"11,607,780"
2013-01-15,"54,622","44,267","-2,277","11,468,480"
2013-01-16,"45,762","42,845",-904,"11,434,190"
2013-01-17,"82,873","41,017","-1,150","11,416,240"
2013-01-18,"58,333","39,135",312,"11,494,740"
2013-01-21,"44,660","38,187","-1,837","11,490,090"
2013-01-22,"55,344","42,588","-2,032","11,548,060"
2013-01-23,"49,136","42,034",163,"11,455,730"
2013-01-24,"55,839","45,566","-1,936","11,363,340"
2013-01-25,"40,183","50,494","-4,900","11,259,640"
2013-01-28,"34,947","46,562","-4,907","11,215,690"
2013-01-29,"46,501","47,134",-365,"11,310,710"
2013-01-30,"52,326","43,633",-836,"11,363,530"
2013-01-31,"39,958","45,161",-812,"11,351,910"
2013-02-01,"38,589","40,958",-302,"11,327,570"
2013-02-04,"34,536","35,921",480,"11,305,010"
2013-02-05,"36,669","37,755",54,"11,220,060"
2013-02-06,"34,922","36,775",-810,"11,208,740"
2013-02-07,"41,216","35,730",771,"11,181,610"
2013-02-08,"29,121","39,607",552,"11,296,880"
2013-02-12,"30,748","28,615","1,255","11,269,620"
2013-02-13,"33,101","37,033","1,099","11,442,850"
2013-02-14,"33,603","34,268",908,"11,465,560"
2013-02-15,"59,884","39,995",-20,"11,478,570"
2013-02-18,"42,069","28,745",161,"11,479,190"
2013-02-19,"34,426","28,153",633,"11,501,490"
2013-02-20,"40,773","49,023","5,830","11,726,280"
2013-02-21,"39,119","40,216","2,838","11,669,240"
2013-02-22,"40,912","40,508",257,"11,692,180"
2013-02-25,"33,823","31,712",377,"11,635,240"
2013-02-26,"43,341","35,949",-382,"11,579,380"
2013-02-27,"41,707","35,299",-179,"11,601,690"
2013-02-28,"42,196","41,962","2,042","11,731,930"
2013-03-04,"35,744","43,814","4,161","11,658,060"
2013-03-05,"49,194","38,198",921,"11,678,590"
2013-03-06,"39,537","41,126",258,"11,702,950"
2013-03-07,"38,648","37,234",-514,"11,605,200"
2013-03-08,"31,206","36,143",-32,"11,613,870"
2013-03-11,"39,828","38,400","-2,072","11,600,130"
2013-03-12,"39,022","33,534",-900,"11,542,510"
2013-03-13,"35,304","34,969",57,"11,582,130"
2013-03-14,"33,092","41,641","-2,199","11,594,950"
2013-03-15,"30,740","52,894","-5,760","11,506,190"
2013-03-18,"30,427","39,625","-3,573","11,398,640"
2013-03-19,"32,679","37,195","-1,810","11,461,880"
2013-03-20,"33,290","38,275","-3,745","11,351,210"
2013-03-21,"26,286","35,923","-2,713","11,302,460"
2013-03-22,"25,962","33,803","-3,317","11,291,420"
2013-03-25,"27,630","34,649",-910,"11,459,370"
2013-03-26,"29,885","40,094",-346,"11,494,420"
2013-03-27,"36,261","39,048","-2,124","11,549,070"
2013-03-28,"36,768","34,750","-1,519","11,549,670"
2013-03-29,"34,160","34,825","1,356","11,616,640"
2013-04-01,"26,915","26,269",-589,"11,563,660"
2013-04-02,"49,611","44,900",345,"11,509,190"
2013-04-03,"39,638","43,451","-2,185","11,491,890"
2013-04-04,"41,540","47,104","-4,696","11,356,780"
2013-04-05,"37,265","49,246","-6,808","11,172,500"
2013-04-08,"31,335","39,969","-3,668","11,126,420"
2013-04-09,"35,663","38,877",-787,"11,142,180"
2013-04-10,"32,015","42,349",520,"11,227,910"
2013-04-11,"38,658","47,946","2,620","11,311,700"
2013-04-12,"40,738","50,090",-414,"11,165,430"
2013-04-15,"33,295","42,955","-1,179","11,142,190"
2013-04-16,"39,306","54,685","-2,410","11,151,470"
2013-04-17,"41,526","53,571","-2,067","11,162,090"
2013-04-18,"34,348","42,836","-2,352","11,025,870"
2013-04-19,"33,126","45,064","-2,348","11,064,590"
2013-04-22,"25,876","37,083",-99,"11,176,610"
2013-04-23,"26,048","35,303","-1,174","11,135,890"
2013-04-24,"34,110","44,325",-201,"11,231,450"
2013-04-25,"33,496","45,981",497,"11,325,270"
2013-04-26,,,"-1,172","11,256,750"
2013-04-29,"26,605","36,480","-1,788","11,234,420"
2013-04-30,"40,308","49,747",335,"11,376,040"
2013-05-02,"34,969","41,811",-896,"11,339,050"
2013-05-03,"31,253","42,262",-355,"11,389,860"
2013-05-06,"29,495","39,410",-591,"11,369,830"
2013-05-07,"29,986","36,523","-2,514","11,322,770"
2013-05-08,"33,794","41,508","-2,681","11,336,710"
2013-05-09,"33,255","50,531","-1,774","11,473,490"
2013-05-10,"28,384","42,699","-1,598","11,275,520"
2013-05-13,"25,157","31,232",-894,"11,301,390"
2013-05-14,"32,848","41,423","1,621","11,423,280"
2013-05-15,"24,696","38,030",-395,"11,439,270"
2013-05-16,"32,220","48,774","3,069","11,536,110"
2013-05-20,"27,439","44,168",942,"11,528,040"
2013-05-21,"24,578","37,883",668,"11,527,670"
2013-05-22,"32,645","45,339","1,302","11,595,710"
2013-05-23,"34,294","46,462",-67,"11,451,950"
2013-05-24,"27,355","37,152",-877,"11,475,320"
2013-05-27,"25,608","29,833",466,"11,514,120"
2013-05-28,"31,141","39,049",-556,"11,550,130"
2013-05-29,"36,263","47,535","3,918","11,635,720"
2013-05-30,"43,569","51,135","3,931","11,637,630"
2013-05-31,"39,751","53,639","1,874","11,642,180"
2013-06-03,"33,350","36,777",-97,"11,569,850"
2013-06-04,"33,490","39,840","1,275","11,564,040"
2013-06-05,"34,050","45,417",294,"11,393,950"
2013-06-07,"34,112","55,034","-9,319","11,175,710"
2013-06-10,"27,173","37,678","-3,278","11,228,360"
2013-06-11,"28,816","44,381","-5,743","11,154,470"
2013-06-12,"25,338","34,358","-4,203","11,096,740"
2013-06-13,"30,643","50,903","-9,551","10,940,430"
2013-06-14,"27,928","35,311","-3,732","10,976,710"
2013-06-17,"26,445","32,699",-619,"10,940,840"
2013-06-18,"27,859","34,316","-1,505","11,043,040"
2013-06-19,"27,975","33,204","-1,253","10,972,850"
2013-06-20,"35,576","44,032","-4,574","10,750,970"
2013-06-21,"29,046","50,164","-8,009","10,592,430"
2013-06-24,"22,094","31,701","-2,446","10,457,680"
2013-06-25,"33,224","44,629","-1,342","10,348,430"
2013-06-26,"29,694","42,915","-2,145","10,370,130"
2013-06-27,"28,626","41,892","1,131","10,675,310"
2013-06-28,"25,109","44,650","4,917","10,842,160"
2013-07-01,"22,088","30,379",-445,"10,797,550"
2013-07-02,"48,316","38,958",483,"10,788,000"
2013-07-03,"40,580","37,738","-2,353","10,612,200"
2013-07-04,"31,302","31,579",-781,"10,693,300"
2013-07-05,"28,564","37,786","-1,471","10,656,120"
2013-07-08,"30,358","35,865","-1,894","10,559,560"
2013-07-09,"25,790","31,693",-887,"10,638,000"
2013-07-10,"26,790","32,841",-385,"10,602,720"
2013-07-11,"33,147","40,000","2,920","10,916,910"
2013-07-12,"26,599","34,909","1,430","10,875,160"
2013-07-15,"33,003","31,874","1,118","10,906,880"
2013-07-16,"30,333","29,985",304,"10,858,120"
2013-07-17,"38,292","40,225","1,339","10,979,440"
2013-07-18,"38,029","35,206","-1,093","10,922,300"
2013-07-19,"31,962","36,334","-1,095","10,894,400"
2013-07-22,"35,694","36,520",220,"10,944,110"
2013-07-23,"35,240","43,476","3,208","11,082,630"
2013-07-24,"32,215","35,465","1,888","11,109,650"
2013-07-25,"31,200","39,019","1,583","11,117,810"
2013-07-26,"32,016","38,650","2,100","11,121,860"
2013-07-29,"33,759","42,511",805,"11,058,250"
2013-07-30,"36,688","35,978",985,"11,159,620"
2013-07-31,"38,414","40,821",120,"11,145,710"
2013-08-01,"33,606","36,373",634,"11,183,450"
2013-08-02,"29,815","40,410",875,"11,203,020"
2013-08-05,"23,399","27,619",909,"11,163,290"
2013-08-06,"29,465","34,953","-1,524","11,107,680"
2013-08-07,"31,243","35,648","-1,260","10,941,870"
2013-08-08,"33,817","36,858","-1,629","10,975,990"
2013-08-09,"28,347","35,409",-446,"10,959,590"
2013-08-12,"29,751","31,005",-586,"10,981,240"
2013-08-13,"36,260","41,084","1,738","11,151,620"
2013-08-14,"36,333","41,127","3,581","11,220,090"
2013-08-16,"34,850","37,729","2,200","11,162,270"
2013-08-19,"30,212","33,456","1,275","11,187,850"
2013-08-20,"35,035","42,621","2,993","11,017,480"
2013-08-21,"41,124","43,119","-1,396","10,897,920"
2013-08-22,"42,595","42,841",-963,"10,792,840"
2013-08-23,"37,496","39,016","1,200","10,913,770"
2013-08-26,"31,630","33,042","1,864","11,017,050"
2013-08-27,"40,926","37,716","1,106","11,005,720"
2013-08-28,"37,829","34,419","1,336","10,996,180"
2013-08-29,"30,170","47,946","4,670","11,166,400"
2013-08-30,"30,093","51,063","5,093","11,281,860"
2013-09-02,"24,399","34,770",815,"11,268,970"
2013-09-03,"30,006","40,786","2,302","11,316,010"
2013-09-04,"28,419","41,010","2,604","11,313,730"
2013-09-05,"28,674","44,920","5,165","11,421,010"
2013-09-06,"32,499","43,135","5,008","11,443,670"
2013-09-09,"27,074","45,137","5,677","11,552,110"
2013-09-10,"26,433","54,380","8,621","11,662,080"
2013-09-11,"29,941","46,305","6,949","11,720,670"
2013-09-12,"35,926","66,945","14,309","11,722,340"
2013-09-13,"25,392","40,186","4,126","11,664,190"
2013-09-16,"24,850","41,237","5,098","11,782,980"
2013-09-17,"26,466","43,257","3,909","11,731,290"
2013-09-23,"24,954","50,916","3,127","11,752,060"
2013-09-24,"30,936","42,537",778,"11,735,410"
2013-09-25,"29,475","43,930","2,405","11,688,360"
2013-09-26,"25,555","39,988","2,104","11,741,090"
2013-09-27,"28,234","41,671","2,243","11,766,510"
2013-09-30,"29,278","41,872","1,120","11,679,830"
2013-10-01,"28,127","39,019","1,875","11,690,270"
2013-10-02,"23,825","42,782","2,267","11,700,200"
2013-10-04,"24,107","43,250","4,220","11,688,130"
2013-10-07,"24,977","34,359","2,246","11,674,800"
2013-10-08,"32,957","42,444","4,412","11,726,090"
2013-10-10,"22,268","39,947","1,612","11,721,440"
2013-10-11,"25,429","47,237","2,841","11,855,510"
2013-10-14,"22,074","36,294","3,158","11,828,660"
2013-10-15,"23,362","40,893","3,233","11,953,600"
2013-10-16,"26,749","45,003","2,081","11,913,210"
2013-10-17,"30,693","48,976","2,932","11,950,130"
2013-10-18,"25,759","44,895","3,058","12,016,490"
2013-10-21,"28,193","41,509","1,942","12,021,590"
2013-10-22,"37,878","48,046","1,561","12,040,110"
2013-10-23,"36,799","53,634","5,920","11,923,770"
2013-10-24,"25,485","38,155","1,175","11,984,930"
2013-10-25,"23,484","40,323",123,"11,912,860"
2013-10-28,"25,753","39,386","1,174","11,998,800"
2013-10-29,"30,765","36,347","1,245","12,021,920"
2013-10-30,"26,343","42,200","1,494","12,107,460"
2013-10-31,"25,450","45,477",-273,"11,937,810"
2013-11-01,"29,419","36,570","1,728","11,995,050"
2013-11-04,"23,524","32,590","-1,803","11,914,560"
2013-11-05,"25,782","35,604",-387,"11,849,490"
2013-11-06,"27,369","39,857",-102,"11,852,530"
2013-11-07,"31,095","37,141",-553,"11,796,560"
2013-11-08,"28,731","45,594","-2,702","11,685,300"
2013-11-11,"28,622","34,105",-643,"11,643,050"
2013-11-12,"24,735","32,472",-76,"11,756,620"
2013-11-13,"25,154","35,129","-1,854","11,563,890"
2013-11-14,"32,311","38,105",-700,"11,591,720"
2013-11-15,"26,469","37,148",605,"11,814,290"
2013-11-18,"31,397","30,900",-110,"11,852,440"
2013-11-19,"40,280","43,037","2,479","11,974,070"
2013-11-20,"33,480","44,654",867,"11,883,650"
2013-11-21,"29,267","33,233","-2,293","11,747,530"
2013-11-22,"35,098","35,438",-232,"11,814,400"
2013-11-25,"29,551","31,175",848,"11,874,330"
2013-11-26,"27,531","34,745",94,"11,906,250"
2013-11-27,"28,408","40,060",-434,"11,943,320"
2013-11-28,"27,627","41,187","1,626","12,045,950"
2013-11-29,"24,537","34,295",892,"12,041,770"
2013-12-02,"22,969","32,737",536,"11,962,400"
2013-12-03,"29,595","37,538",-500,"11,840,270"
2013-12-04,"23,033","36,451","-3,379","11,710,890"
2013-12-05,"21,767","34,207","-3,203","11,699,050"
2013-12-06,"20,190","33,295",-767,"11,666,810"
2013-12-09,"23,027","30,665",833,"11,782,110"
2013-12-10,"20,096","30,734","-1,132","11,745,760"
2013-12-11,"23,137","35,196","-2,029","11,663,620"
2013-12-12,"25,508","40,828","-6,071","11,614,080"
2013-12-13,"23,410","37,883","-2,657","11,582,260"
2013-12-16,"21,351","29,877",-624,"11,574,840"
2013-12-17,"25,389","38,113",530,"11,601,680"
2013-12-18,"25,866","38,772","-1,237","11,652,580"
2013-12-19,"25,582","38,696","1,085","11,662,230"
2013-12-20,"24,706","32,669",-171,"11,711,220"
2013-12-23,"22,300","32,336",716,"11,789,670"
2013-12-24,"21,469","32,638",-545,"11,811,640"
2013-12-26,"23,053","32,699",-121,"11,796,130"
2013-12-27,"20,777","29,537",707,"11,813,510"
2013-12-30,"17,223","32,615","1,167","11,859,730"
2013-12-31,,,,
2014-01-02,"20,777","43,098","-3,136","11,598,930"
2014-01-03,"18,853","39,980","-3,121","11,471,850"
2014-01-06,"19,363","36,471",517,"11,518,210"
2014-01-07,"19,303","36,869","1,010","11,551,480"
2014-01-08,"21,707","43,626","1,664","11,553,360"
2014-01-09,"27,640","47,002",716,"11,479,280"
2014-01-10,"26,299","45,010",-581,"11,432,040"
2014-01-13,"26,794","33,564",-954,"11,488,970"
2014-01-14,"24,406","35,218",-273,"11,474,010"
2014-01-15,"25,087","38,311",-381,"11,507,060"
2014-01-16,"37,957","34,814",367,"11,528,660"
2014-01-17,"26,091","33,345",-963,"11,455,720"
2014-01-20,"27,953","28,705",-262,"11,507,130"
2014-01-21,"28,933","33,447",-102,"11,569,700"
2014-01-22,"24,386","35,347",158,"11,608,590"
2014-01-23,"22,939","35,103","-1,613","11,477,640"
2014-01-24,"27,924","45,177","-1,420","11,450,700"
2014-01-27,"34,043","44,157","-5,245","11,269,100"
2014-01-28,"27,049","42,034","-3,101","11,311,430"
2014-01-29,"21,993","44,745",210,"11,455,210"
2014-02-03,"22,965","39,786","-4,064","11,333,500"
2014-02-04,"25,098","45,373","-6,554","11,136,610"
2014-02-05,"24,403","39,628","-2,809","11,165,740"
2014-02-06,"25,944","41,010","-1,144","11,263,610"
2014-02-07,"27,296","44,726","1,624","11,349,920"
2014-02-10,"20,796","32,468","-1,411","11,352,460"
2014-02-11,"22,638","34,213",819,"11,405,860"
2014-02-12,"22,537","36,490",-53,"11,434,190"
2014-02-13,"18,786","29,682","-1,076","11,381,060"
2014-02-14,"21,659","32,700",26,"11,470,410"
2014-02-17,"21,547","34,396",231,"11,505,430"
2014-02-18,"20,045","27,730",-471,"11,510,920"
2014-02-19,"21,356","31,193",-519,"11,491,930"
2014-02-20,"23,232","39,049","-1,676","11,419,660"
2014-02-21,"21,632","36,008","3,171","11,591,410"
2014-02-24,"19,381","29,446",74,"11,539,680"
2014-02-25,,,"2,320","11,629,590"
2014-02-26,"20,915","39,870",609,"11,667,310"
2014-02-27,"20,106","38,776","1,391","11,718,480"
2014-02-28,"25,283","48,784","2,337","11,734,500"
2014-03-03,"22,262","34,691",-773,"11,644,470"
2014-03-04,"20,037","31,134","-1,482","11,581,120"
2014-03-05,"19,770","36,265",170,"11,687,170"
2014-03-06,"19,374","34,106",851,"11,715,150"
2014-03-07,"23,156","35,159","2,007","11,710,610"
2014-03-10,"21,494","34,406",-341,"11,594,720"
2014-03-11,"24,747","34,738",-421,"11,648,150"
2014-03-12,"32,992","43,123","-2,646","11,464,610"
2014-03-13,"25,962","44,799","-4,981","11,473,670"
2014-03-14,"25,403","40,598","-4,773","11,383,000"
2014-03-17,"21,493","33,145","-2,296","11,422,640"
2014-03-18,"27,429","36,304","-1,488","11,494,150"
2014-03-19,"24,908","34,394",-670,"11,476,320"
2014-03-20,"22,060","33,383","-2,109","11,368,240"
2014-03-21,"25,287","35,056",-702,"11,496,590"
2014-03-24,"22,828","33,126",423,"11,558,250"
2014-03-25,"22,516","37,842",-870,"11,526,830"
2014-03-26,"24,895","40,372",805,"11,668,580"
2014-03-27,"21,806","39,959","2,336","11,773,970"
2014-03-28,"24,460","34,461","2,325","11,796,890"
2014-03-31,"24,104","44,687","3,192","11,824,880"
2014-04-01,"21,464","39,288","2,115","11,857,850"
2014-04-02,"22,091","39,907","4,382","11,887,990"
2014-04-03,"22,573","42,464","3,546","11,875,800"
2014-04-04,"22,564","40,850","1,141","11,843,770"
2014-04-07,"18,635","37,284","1,603","11,852,040"
2014-04-08,"21,815","37,642",782,"11,871,750"
2014-04-09,"23,370","47,880","3,632","11,901,730"
2014-04-10,"23,245","42,389","3,089","11,960,400"
2014-04-11,"21,813","35,583","1,169","11,896,910"
2014-04-14,"20,571","29,506",-13,"11,892,760"
2014-04-15,"19,453","34,992","1,249","11,867,220"
2014-04-16,"23,074","33,106",493,"11,868,270"
2014-04-17,"20,019","29,097","1,703","11,864,790"
2014-04-18,"20,651","28,190","1,211","11,934,890"
2014-04-21,"20,558","22,248",755,"11,904,690"
2014-04-22,"21,202","31,470","1,068","11,933,710"
2014-04-23,"24,173","41,996","2,567","11,911,060"
2014-04-24,"23,507","36,061",730,"11,904,740"
2014-04-25,"20,836","37,993",379,"11,748,790"
2014-04-28,"16,883","28,473","-1,166","11,732,360"
2014-04-29,"17,761","30,430","-1,596","11,701,740"
2014-04-30,"22,732","39,294",-823,"11,680,230"
2014-05-02,"17,954","33,118","-1,504","11,669,060"
2014-05-07,"19,304","36,408","-3,260","11,552,150"
2014-05-08,"22,243","39,909","-2,123","11,621,060"
2014-05-09,"20,521","34,844",-552,"11,658,680"
2014-05-12,"20,164","37,905","-1,002","11,717,790"
2014-05-13,"24,216","37,547","2,131","11,827,310"
2014-05-14,"23,387","37,839","3,462","11,991,860"
2014-05-15,"25,939","34,639","3,716","11,987,050"
2014-05-16,"23,253","40,686","4,799","12,006,580"
2014-05-19,"26,560","44,861","1,824","12,039,260"
2014-05-20,"24,834","39,126","2,665","12,019,750"
2014-05-21,"22,409","34,025","1,884","12,001,170"
2014-05-22,"23,108","36,638","2,909","12,052,290"
2014-05-23,"24,181","31,718","1,339","12,054,260"
2014-05-26,"19,658","27,249",551,"12,008,350"
2014-05-27,"22,179","27,563",218,"11,934,730"
2014-05-28,"21,065","33,217","1,155","12,049,460"
2014-05-29,"22,854","36,897",993,"12,032,230"
2014-05-30,"24,732","52,255",317,"11,926,170"
2014-06-02,"26,559","31,613","2,136","11,969,650"
2014-06-03,"26,675","48,856",172,"12,005,380"
2014-06-05,"22,209","51,445",658,"11,930,910"
2014-06-09,"20,961","45,712",200,"11,888,270"
2014-06-10,"23,493","39,233","2,149","12,018,750"
2014-06-11,"23,805","38,853","1,447","12,030,720"
2014-06-12,"25,188","42,727",117,"12,008,750"
2014-06-13,"22,311","35,630","-2,551","11,878,820"
2014-06-16,"23,360","44,780",372,"11,895,320"
2014-06-17,"23,660","36,246",323,"11,945,980"
2014-06-18,"21,685","34,618","1,381","11,875,140"
2014-06-19,"25,789","41,067",-384,"11,888,050"
2014-06-20,"23,266","48,185",-898,"11,752,320"
2014-06-23,"23,174","34,136",106,"11,798,640"
2014-06-24,"25,061","36,645",288,"11,914,750"
2014-06-25,"33,665","33,774",-220,"11,852,700"
2014-06-26,"27,351","38,885",928,"11,931,630"
2014-06-27,"21,884","33,951","3,095","11,892,120"
2014-06-30,"20,113","29,899","1,904","11,972,170"
2014-07-01,"23,887","30,050","1,004","11,951,100"
2014-07-02,"31,842","38,547","3,125","12,049,690"
2014-07-03,"25,991","35,156","1,576","12,020,260"
2014-07-04,"24,151","30,917",330,"12,011,750"
2014-07-07,"22,834","30,605","1,875","11,974,310"
2014-07-08,"25,936","34,633",968,"11,982,520"
2014-07-09,"27,275","37,679",-702,"11,943,720"
2014-07-10,"32,764","37,192","1,878","11,961,590"
2014-07-11,"27,702","36,256",671,"11,882,430"
2014-07-14,"27,039","31,381",-70,"11,916,850"
2014-07-15,"36,120","41,510","2,816","12,039,330"
2014-07-16,"31,517","39,963","1,551","12,044,050"
2014-07-17,"32,269","39,308","2,282","12,093,220"
2014-07-18,"30,452","36,751","1,206","12,083,500"
2014-07-21,"27,463","32,836",982,"12,076,960"
2014-07-22,"26,589","32,163","1,335","12,136,640"
2014-07-23,"35,351","42,580","1,018","12,130,890"
2014-07-24,"32,359","46,371","1,757","12,122,610"
2014-07-25,"28,277","40,132",504,"12,169,070"
2014-07-28,"34,902","46,712","1,779","12,255,500"
2014-07-29,"40,877","60,102","3,638","12,342,180"
2014-07-30,"34,329","65,544","6,239","12,473,430"
2014-07-31,"38,373","61,525","4,940","12,424,160"
2014-08-01,"27,197","50,451",-650,"12,396,380"
2014-08-04,"25,320","39,285","2,212","12,443,120"
2014-08-05,"34,682","40,911","1,206","12,354,630"
2014-08-06,"37,727","51,666","1,840","12,344,360"
2014-08-07,"29,294","38,390",-497,"12,306,730"
2014-08-08,"35,482","45,752","-2,072","12,162,700"
2014-08-11,"28,584","36,393",-138,"12,215,900"
2014-08-12,"31,280","37,875",972,"12,223,910"
2014-08-13,"28,066","42,595","4,134","12,351,380"
2014-08-14,"27,085","38,968","1,933","12,354,810"
2014-08-18,"30,042","36,816",-31,"12,292,940"
2014-08-19,"32,712","43,550","1,847","12,398,310"
2014-08-20,"31,535","45,702","2,344","12,407,400"
2014-08-21,"30,779","45,438",15,"12,237,310"
2014-08-22,"27,786","35,180","1,047","12,315,310"
2014-08-25,"27,204","35,096",-271,"12,328,390"
2014-08-26,"28,891","36,816","1,013","12,370,970"
2014-08-27,"33,761","43,771",514,"12,413,120"
2014-08-28,"30,588","38,567","1,275","12,424,490"
2014-08-29,"30,137","41,704","1,549","12,388,860"
2014-09-01,"27,247","32,274",649,"12,381,770"
2014-09-02,"32,312","40,368",323,"12,281,260"
2014-09-03,"33,797","47,890","1,316","12,274,900"
2014-09-04,"37,639","45,653",699,"12,306,710"
2014-09-05,"34,335","40,089",502,"12,264,350"
2014-09-11,"33,341","50,852",-699,"12,181,060"
2014-09-12,"36,267","39,028",-585,"12,223,990"
2014-09-15,"29,761","31,934",106,"12,185,210"
2014-09-16,"36,569","31,241",-989,"12,228,490"
2014-09-17,"35,167","35,477",266,"12,348,090"
2014-09-18,"39,427","53,015","-1,101","12,247,410"
2014-09-19,"39,774","50,827","-2,408","12,269,300"
2014-09-22,"32,389","35,463","-2,411","12,175,800"
2014-09-23,"42,781","46,843","-2,569","12,114,150"
2014-09-24,"33,259","44,543",-252,"12,146,870"
2014-09-25,"32,537","47,671","-1,262","12,136,210"
2014-09-26,"31,352","39,237",-221,"12,122,990"
2014-09-29,"33,959","44,822",570,"12,100,030"
2014-09-30,"32,281","47,356","1,841","12,056,670"
2014-10-01,"35,158","44,412","-1,967","11,888,920"
2014-10-02,"32,266","47,300","-3,858","11,790,880"
2014-10-06,"32,508","48,158","-1,998","11,749,350"
2014-10-07,"32,823","38,678","-1,786","11,777,910"
2014-10-08,"26,618","38,302","-1,567","11,720,920"
2014-10-10,"34,282","44,263","-1,861","11,572,910"
2014-10-13,"30,892","40,264","-3,193","11,494,730"
2014-10-14,"33,551","41,734","-2,924","11,512,480"
2014-10-15,"31,034","40,864","-1,809","11,496,370"
2014-10-16,"31,361","47,147",-212,"11,449,800"
2014-10-17,"36,208","46,495","-3,094","11,341,850"
2014-10-20,"34,467","36,135",199,"11,524,880"
2014-10-21,"40,592","43,706",-630,"11,436,680"
2014-10-22,"39,910","44,134",484,"11,561,930"
2014-10-23,"37,283","44,102","-1,935","11,536,120"
2014-10-24,"41,943","53,033","3,567","11,506,260"
2014-10-27,"40,884","40,672",97,"11,547,380"
2014-10-28,"41,462","38,362","-1,478","11,507,330"
2014-10-29,"39,661","54,537","1,234","11,726,870"
2014-10-30,"31,105","50,019",-227,"11,719,180"
2014-10-31,"34,941","54,843","2,795","11,761,420"
2014-11-03,"34,450","45,313",-44,"11,695,560"
2014-11-04,"39,171","49,715",-258,"11,587,860"
2014-11-05,"33,228","40,706","-1,365","11,559,790"
2014-11-06,"36,057","48,101",-681,"11,592,510"
2014-11-07,"25,542","36,985",-975,"11,607,960"
2014-11-10,"31,326","45,697",410,"11,722,060"
2014-11-11,"31,140","44,873","1,113","11,753,360"
2014-11-12,"34,850","44,536",-172,"11,774,510"
2014-11-13,"33,259","39,552","1,118","11,732,240"
2014-11-14,"31,480","52,298","-2,393","11,895,690"
2014-11-17,"27,752","42,953",-321,"11,885,660"
2014-11-18,"25,127","41,623","2,410","12,035,010"
2014-11-19,"27,956","48,622","3,757","12,041,230"
2014-11-20,"33,922","48,972","3,863","11,994,740"
2014-11-21,"34,592","43,124",586,"12,035,320"
2014-11-24,"32,545","55,222","3,533","12,123,620"
2014-11-25,"28,319","61,799","3,875","12,120,300"
2014-11-26,"25,329","41,491",764,"12,131,720"
2014-11-27,"29,551","55,712",-233,"12,166,470"
2014-11-28,"34,070","43,015",526,"12,162,920"
2014-12-01,"33,398","47,026",627,"12,067,020"
2014-12-02,"31,791","38,785",471,"12,065,400"
2014-12-03,"27,111","33,007",463,"12,095,210"
2014-12-04,"24,439","35,483",444,"12,192,080"
2014-12-05,,,"2,311","12,193,010"
2014-12-08,"29,514","31,741","1,065","12,147,110"
2014-12-09,"54,116","39,201","2,316","12,102,570"
2014-12-10,"36,789","38,220","-1,295","11,946,480"
2014-12-11,"34,363","44,832","-7,072","11,767,940"
2014-12-12,"36,347","38,009","-2,496","11,797,680"
2014-12-15,"29,442","37,503","-3,065","11,793,290"
2014-12-16,"36,942","43,722","-4,891","11,694,180"
2014-12-17,"30,727","41,268","-4,088","11,663,940"
2014-12-18,"33,730","53,220","-5,243","11,800,600"
2014-12-19,"29,179","44,927",-9,"12,006,550"
2014-12-22,"32,453","42,104",-532,"12,092,330"
2014-12-23,"30,080","36,996","-1,157","12,067,220"
2014-12-24,"28,387","30,410",540,"12,116,720"
2014-12-26,"29,701","34,062",640,"12,124,970"
2014-12-29,"26,581","34,369","-1,186","11,995,310"
2014-12-30,"25,644","36,950","-1,002","11,922,520"
2014-12-31,,,,
2015-01-02,"25,878","36,960",264,"11,980,100"
2015-01-05,"31,344","47,001",554,"11,915,260"
2015-01-06,"30,369","47,554","-3,301","11,711,670"
2015-01-07,"28,051","37,627","-2,203","11,719,910"
2015-01-08,"26,221","43,956","1,960","11,851,700"
2015-01-09,"30,878","44,067","1,604","11,973,220"
2015-01-12,"31,192","35,818",-818,"11,951,960"
2015-01-13,"33,899","48,731",-555,"11,931,070"
2015-01-14,"29,752","45,268",-915,"11,909,790"
2015-01-15,"26,654","38,928","-2,067","11,910,870"
2015-01-16,"29,873","40,083","-3,006","11,747,830"
2015-01-19,"28,112","35,831",-259,"11,838,970"
2015-01-20,"28,089","36,369",324,"11,936,900"
2015-01-21,"30,084","44,012",698,"11,966,890"
2015-01-22,"34,313","45,979",611,"11,961,560"
2015-01-23,"36,770","46,445","1,001","12,054,860"
2015-01-26,"33,061","39,697","-1,092","12,045,180"
2015-01-27,"46,696","46,191",840,"12,145,270"
2015-01-28,"40,093","53,333",-660,"12,202,100"
2015-01-29,"39,103","53,347","-2,420","12,144,630"
2015-01-30,"44,148","58,896",-953,"12,134,920"
2015-02-02,"36,483","43,759",39,"12,155,640"
2015-02-03,"36,998","46,591",-304,"12,146,800"
2015-02-04,"34,803","50,288","2,255","12,218,010"
2015-02-05,"39,565","43,346","-1,158","12,153,490"
2015-02-06,"30,982","59,497","4,317","12,171,090"
2015-02-09,"31,018","43,269","-1,062","12,121,340"
2015-02-10,"32,920","41,368","-1,316","12,053,570"
2015-02-11,"30,745","42,277","1,001","12,105,900"
2015-02-12,"33,482","43,193",-598,"12,082,760"
2015-02-13,"35,108","40,738","1,751","12,182,920"
2015-02-16,"35,094","36,908","1,302","12,186,700"
2015-02-17,"30,453","35,107",-255,"12,204,640"
2015-02-23,"34,758","41,425","1,279","12,245,750"
2015-02-24,"30,954","42,626",806,"12,294,710"
2015-02-25,"36,950","50,175","2,076","12,388,390"
2015-02-26,"38,566","51,535","2,317","12,402,280"
2015-02-27,"42,455","56,750",808,"12,352,430"
2015-03-02,"37,337","57,857","1,573","12,421,580"
2015-03-03,"44,487","54,384","1,799","12,456,630"
2015-03-04,"37,454","47,249","2,343","12,440,540"
2015-03-05,"37,368","40,555","1,227","12,436,830"
2015-03-06,"39,335","48,095","2,839","12,530,630"
2015-03-09,"29,675","40,484",-604,"12,403,280"
2015-03-10,"43,341","47,864",797,"12,353,140"
2015-03-11,"39,953","58,870",906,"12,335,970"
2015-03-12,"38,404","64,003","-1,203","12,276,990"
2015-03-13,"32,671","43,503","1,046","12,371,400"
2015-03-16,"31,916","46,469",61,"12,378,020"
2015-03-17,"35,655","53,863","4,989","12,639,270"
2015-03-18,"36,201","53,885","3,299","12,631,910"
2015-03-19,"46,828","57,990","3,966","12,691,300"
2015-03-20,"35,173","51,952","2,631","12,682,200"
2015-03-23,"31,490","46,863","1,457","12,679,830"
2015-03-24,"32,883","46,646",654,"12,709,130"
2015-03-25,"42,341","51,091","1,125","12,726,640"
2015-03-26,"34,226","51,550","-1,124","12,600,420"
2015-03-27,"44,896","51,107",-799,"12,587,800"
2015-03-30,"43,956","44,654",758,"12,648,510"
2015-03-31,"55,593","53,673","1,372","12,723,170"
2015-04-01,"54,280","53,862",-632,"12,651,340"
2015-04-02,"65,586","60,068",-157,"12,654,510"
2015-04-03,"49,864","45,275",454,"12,755,700"
2015-04-06,"46,049","47,690",-175,"12,769,620"
2015-04-07,"43,623","48,612",483,"12,780,760"
2015-04-08,"55,268","65,181",946,"12,861,650"
2015-04-09,"52,986","60,456","1,514","12,855,000"
2015-04-10,"65,838","64,146","2,874","13,036,440"
2015-04-13,"56,181","70,203","2,792","13,106,800"
2015-04-14,"64,885","80,517","3,958","13,184,490"
2015-04-15,"45,140","73,787","3,212","13,229,550"
2015-04-16,"47,642","73,201","3,749","13,353,640"
2015-04-17,"46,463","63,445","2,799","13,383,230"
2015-04-20,"50,904","70,952","2,851","13,401,000"
2015-04-21,"56,178","69,256","2,468","13,386,140"
2015-04-22,"76,939","85,375","7,445","13,380,860"
2015-04-23,"52,159","82,251","4,435","13,564,870"
2015-04-24,"50,842","82,653","5,328","13,468,080"
2015-04-27,"39,234","61,964","2,071","13,453,980"
2015-04-28,"41,505","61,442",-16,"13,390,240"
2015-04-29,"45,807","67,005",-615,"13,361,204"
2015-04-30,"50,913","61,712",708,"13,272,850"
2015-05-04,"35,562","47,291","1,291","13,309,720"
2015-05-06,"42,809","56,739",957,"13,132,220"
2015-05-07,"42,325","54,643",-674,"13,041,890"
2015-05-08,"30,950","47,607",-237,"13,001,800"
2015-05-11,"32,970","50,404",-475,"13,072,460"
2015-05-12,"39,192","50,160",68,"13,052,560"
2015-05-13,"37,703","50,020",775,"13,159,000"
2015-05-14,"43,083","51,172",254,"13,203,680"
2015-05-15,"49,171","61,524","4,799","13,118,610"
2015-05-18,"44,515","58,533","1,650","13,163,830"
2015-05-19,"41,848","57,581",754,"13,206,590"
2015-05-20,"45,211","60,810","1,363","13,327,540"
2015-05-21,"39,815","56,836",606,"13,225,910"
2015-05-22,"44,459","60,849","2,960","13,367,590"
2015-05-26,"38,138","66,647",-38,"13,359,220"
2015-05-27,"43,903","80,388","-1,882","13,133,080"
2015-05-28,"41,612","68,475","2,513","13,155,240"
2015-05-29,"45,614","78,982","2,567","13,186,070"
2015-06-01,"42,693","58,974",381,"13,101,100"
2015-06-02,"52,006","70,292",110,"12,942,890"
2015-06-03,"54,117","66,124","1,551","12,850,270"
2015-06-04,"40,036","74,253","3,744","12,918,010"
2015-06-05,"39,429","61,968","1,075","12,886,760"
2015-06-08,"39,356","56,006",-739,"12,859,360"
2015-06-09,"42,188","56,061","-1,466","12,843,810"
2015-06-10,"42,736","62,602","-1,978","12,765,500"
2015-06-11,"45,702","76,289","-1,676","12,796,190"
2015-06-12,"38,826","61,522",-844,"12,772,880"
2015-06-15,"31,395","49,689","1,219","12,711,220"
2015-06-16,"38,141","63,604","-3,149","12,629,800"
2015-06-17,"35,472","51,126","-1,536","12,674,600"
2015-06-18,"39,097","53,242","-2,621","12,716,920"
2015-06-19,"40,033","56,499","-2,836","12,745,780"
2015-06-22,"26,696","43,204","-1,233","12,797,700"
2015-06-23,"32,980","52,934",-98,"12,961,860"
2015-06-24,"40,075","53,401",545,"12,994,590"
2015-06-25,"57,591","59,358",81,"12,985,020"
2015-06-26,"49,277","63,455",591,"13,018,220"
2015-06-29,"50,381","62,072","-1,101","12,844,890"
2015-06-30,"39,241","56,536",-516,"12,931,300"
2015-07-01,"47,157","58,875",94,"13,073,860"
2015-07-02,"56,534","71,231","1,161","13,131,810"
2015-07-03,"41,955","59,940",-121,"13,107,710"
2015-07-06,"47,404","63,593","-2,817","12,792,740"
2015-07-07,"50,281","82,824","-1,058","12,706,190"
2015-07-08,"45,312","75,619","-3,983","12,565,670"
2015-07-09,"40,846","70,763","-3,488","12,635,960"
2015-07-10,"38,131","66,940",-711,"12,660,040"
2015-07-13,"42,629","62,348",60,"12,847,310"
2015-07-14,"50,308","68,073",-356,"12,829,910"
2015-07-15,"61,913","75,711","2,358","12,915,392"
2015-07-16,"69,793","75,112","1,820","13,008,833"
2015-07-17,"81,923","84,714",-722,"12,953,340"
2015-07-20,"87,068","60,326",-222,"12,931,940"
2015-07-21,"72,741","65,669","-1,271","12,998,960"
2015-07-22,"116,082","68,426","-3,770","12,886,070"
2015-07-23,"73,979","62,366","-1,892","12,890,260"
2015-07-24,"61,187","61,525","-2,586","12,773,800"
2015-07-27,"54,324","63,773",11,"12,736,660"
2015-07-28,"49,853","66,169","-1,305","12,732,890"
2015-07-29,"52,057","67,022",20,"12,729,610"
2015-07-30,"50,932","68,099",-798,"12,621,180"
2015-07-31,"44,819","62,860","1,662","12,688,630"
2015-08-03,"35,875","51,185",-85,"12,557,110"
2015-08-04,"38,879","50,201",599,"12,676,640"
2015-08-05,"31,921","50,649",-248,"12,685,820"
2015-08-06,"34,051","58,843","-1,019","12,575,630"
2015-08-07,"33,458","47,450",-340,"12,560,060"
2015-08-10,"30,833","44,919",-597,"12,523,130"
2015-08-11,"36,641","50,806",-877,"12,420,350"
2015-08-12,"52,425","68,602","-3,034","12,352,870"
2015-08-13,"37,659","51,786","-2,163","12,396,750"
2015-08-17,"56,157","46,225","-3,213","12,285,560"
2015-08-18,"47,277","56,073",-207,"12,215,600"
2015-08-19,"50,679","72,534",-269,"12,116,580"
2015-08-20,"39,753","51,576","-2,932","11,963,220"
2015-08-21,"51,231","68,344","-4,421","11,726,600"
2015-08-24,"41,518","62,353","-7,239","11,431,770"
2015-08-25,"45,159","66,798","-5,309","11,539,570"
2015-08-26,"45,339","68,493","-5,492","11,823,800"
2015-08-27,"48,266","67,194","-3,482","11,913,190"
2015-08-28,"44,675","65,195",-395,"12,096,540"
2015-08-31,"35,094","60,245",-369,"12,126,810"
2015-09-01,"32,448","48,311",-75,"11,961,370"
2015-09-02,"34,202","50,143",-873,"11,969,690"
2015-09-03,"29,728","46,241","-1,209","11,986,060"
2015-09-04,"36,109","46,885",-231,"11,807,050"
2015-09-07,"28,816","37,853","-2,853","11,795,160"
2015-09-08,"39,189","47,592","-2,497","11,769,130"
2015-09-09,"51,617","53,035","-1,491","12,109,170"
2015-09-10,"46,034","54,982","-2,294","12,273,420"
2015-09-11,"50,301","46,798",-563,"12,151,720"
2015-09-14,"36,291","41,370",-580,"12,095,810"
2015-09-15,"39,082","40,677","-1,159","12,142,900"
2015-09-16,"58,476","59,593","2,223","12,381,630"
2015-09-17,"51,017","56,770","1,264","12,387,180"
2015-09-18,"52,380","68,078","1,724","12,505,610"
2015-09-21,"37,642","38,582","-1,921","12,309,860"
2015-09-22,"69,637","45,348",-186,"12,421,973"
2015-09-23,"85,699","54,339","-3,018","12,188,916"
2015-09-24,"92,126","50,807","-2,205","12,202,947"
2015-09-25,"79,657","43,117","-2,980","12,173,690"
2015-09-30,"54,699","56,556","1,475","12,305,790"
2015-10-01,"67,898","52,299","1,011","12,406,700"
2015-10-02,"103,098","52,771","-1,276","12,362,410"
2015-10-05,"54,563","46,511",-154,"12,412,370"
2015-10-06,"66,164","56,334","1,351","12,491,785"
2015-10-07,"76,172","61,955",881,"12,599,862"
2015-10-08,"70,099","62,598","1,900","12,681,100"
2015-10-12,"63,509","62,193","1,331","12,692,270"
2015-10-13,"60,500","51,940","1,065","12,677,590"
2015-10-14,"64,480","50,316","-1,113","12,624,980"
2015-10-15,"49,890","46,553",405,"12,773,570"
2015-10-16,"55,080","53,505","3,758","12,751,405"
2015-10-19,"72,684","42,834",630,"12,751,740"
2015-10-20,"95,806","47,878",381,"12,807,460"
2015-10-21,"66,895","54,386",-33,"12,876,775"
2015-10-22,"69,581","59,520","-2,866","12,754,624"
2015-10-23,"64,900","53,848","1,156","12,862,861"
2015-10-26,"45,995","43,433","1,599","12,911,077"
2015-10-27,"44,916","40,959",-101,"12,888,641"
2015-10-28,"40,220","50,945","-2,200","12,880,060"
2015-10-29,"48,135","62,614",-251,"12,841,950"
2015-10-30,"38,067","61,880",-270,"12,849,280"
2015-11-02,"36,638","47,716","1,333","12,889,090"
2015-11-03,"59,174","57,972",314,"12,964,860"
2015-11-04,"54,509","49,532","1,179","12,990,940"
2015-11-05,"34,908","40,246",-289,"12,969,410"
2015-11-06,"46,503","45,902",-512,"12,931,980"
2015-11-09,"43,539","60,583",53,"12,835,390"
2015-11-10,"41,746","57,349",-691,"12,650,460"
2015-11-11,"28,657","38,744","-2,227","12,662,410"
2015-11-12,"38,944","34,926","-2,208","12,638,760"
2015-11-13,"34,231","42,619","-2,109","12,513,650"
2015-11-16,"43,343","53,589","-2,362","12,327,300"
2015-11-17,"41,756","45,101","-1,646","12,459,630"
2015-11-18,"54,186","46,119","-1,429","12,459,260"
2015-11-19,"42,252","51,305","2,899","12,633,020"
2015-11-20,"41,366","40,327","-1,748","12,631,830"
2015-11-23,"38,323","44,816","-1,040","12,714,880"
2015-11-24,"41,700","43,623","-1,818","12,794,760"
2015-11-25,"39,165","42,561","-1,994","12,748,410"
2015-11-26,"45,446","44,287",661,"12,882,150"
2015-11-27,"48,195","40,058",-294,"12,869,950"
2015-11-30,"45,287","65,385","-5,383","12,636,560"
2015-12-01,"57,334","49,028","1,134","12,845,400"
2015-12-02,"63,132","44,160","-3,029","12,750,610"
2015-12-03,"36,587","35,154","-2,548","12,652,640"
2015-12-04,"37,947","32,975","-3,648","12,531,931"
2015-12-07,"38,213","33,968","-1,474","12,458,825"
2015-12-08,"40,618","36,327","-1,830","12,347,410"
2015-12-09,"37,809","36,905","-2,429","12,342,350"
2015-12-10,"37,785","46,994","-3,568","12,363,600"
2015-12-11,"38,071","41,266","-2,312","12,341,440"
2015-12-14,"43,974","42,723","-2,622","12,210,520"
2015-12-15,"43,474","36,437","-3,527","12,243,530"
2015-12-16,"47,510","43,060","-1,591","12,474,700"
2015-12-17,"37,957","39,239",-655,"12,530,430"
2015-12-18,"67,773","42,180","-1,430","12,511,290"
2015-12-21,"53,960","35,947","-1,141","12,548,072"
2015-12-22,"57,724","41,811",-66,"12,618,947"
2015-12-23,"50,237","43,458",-63,"12,661,006"
2015-12-24,"50,462","36,174",-36,"12,608,550"
2015-12-28,"39,664","38,406",-304,"12,454,880"
2015-12-29,"40,143","37,982",-928,"12,456,740"
2015-12-30,"30,446","37,062",-382,"12,428,480"
2015-12-31,,,,
2016-01-04,"35,902","39,663","-1,572","12,153,840"
2016-01-05,"44,655","41,976","-1,897","12,226,220"
2016-01-06,"59,461","62,747","1,631","12,192,970"
2016-01-07,"39,304","50,030","-2,693","12,055,460"
2016-01-08,"43,020","52,055","-1,492","12,137,390"
2016-01-11,"32,877","45,095","-1,136","11,999,400"
2016-01-12,"29,514","39,175","-2,198","11,966,040"
2016-01-13,"26,522","39,431",-499,"12,125,740"
2016-01-14,"31,098","43,871","-3,724","12,020,510"
2016-01-15,"31,236","45,788","-2,182","11,886,690"
2016-01-18,"27,694","41,197","-3,498","11,883,420"
2016-01-19,"33,532","45,365","-2,798","11,968,460"
2016-01-20,"40,730","53,396","-2,283","11,688,470"
2016-01-21,"43,374","47,930","-2,974","11,656,540"
2016-01-22,"40,846","43,991","-1,564","11,901,780"
2016-01-25,"31,530","40,499",-827,"11,991,850"
2016-01-26,"29,882","44,707","-1,888","11,854,480"
2016-01-27,"34,891","50,654",330,"12,021,000"
2016-01-28,"35,431","62,426",-158,"12,074,590"
2016-01-29,"38,656","64,837","1,761","12,074,580"
2016-02-01,"44,032","51,608","1,856","12,155,610"
2016-02-02,"41,227","46,394",-300,"12,035,720"
2016-02-03,"40,859","48,154","-1,905","12,103,940"
2016-02-04,"36,581","52,538","1,498","12,103,710"
2016-02-05,"30,577","47,919",4,"12,121,760"
2016-02-11,"38,643","47,701","-1,677","11,766,230"
2016-02-12,"47,050","63,390","-2,978","11,603,510"
2016-02-15,"28,460","45,005","-1,240","11,774,640"
2016-02-16,"38,832","42,679",858,"11,935,230"
2016-02-17,"34,463","51,883",-196,"11,915,530"
2016-02-18,"33,258","47,860",864,"12,069,900"
2016-02-19,"31,220","38,808","1,712","12,115,290"
2016-02-22,"26,786","34,863",355,"12,117,160"
2016-02-23,"32,681","39,823",-48,"12,104,140"
2016-02-24,"28,160","35,565",-166,"12,090,590"
2016-02-25,"30,579","41,799",203,"12,131,110"
2016-02-26,"28,022","46,448","2,431","12,151,170"
2016-02-29,"27,505","46,154","1,732","12,132,450"
2016-03-02,"32,335","51,781","3,778","12,327,060"
2016-03-03,"42,098","49,816","4,965","12,400,080"
2016-03-04,"31,642","46,058","1,620","12,382,050"
2016-03-07,"34,461","46,876","2,016","12,396,160"
2016-03-08,"35,868","48,932",-957,"12,320,170"
2016-03-09,"35,539","42,809",-183,"12,355,450"
2016-03-10,"35,233","51,625","6,510","12,464,880"
2016-03-11,"30,342","42,071","1,477","12,480,560"
2016-03-14,"35,708","42,185",829,"12,487,930"
2016-03-15,"26,458","38,132",625,"12,471,360"
2016-03-16,"29,446","41,241",984,"12,506,420"
2016-03-17,"29,158","50,945","7,346","12,587,660"
2016-03-18,"38,585","47,761","2,774","12,614,770"
2016-03-21,"32,326","40,437","1,345","12,605,440"
2016-03-22,"38,375","44,928","1,355","12,651,310"
2016-03-23,"36,755","40,197",118,"12,640,020"
2016-03-24,"34,117","38,228",480,"12,584,720"
2016-03-25,"46,342","38,066",-402,"12,567,840"
2016-03-28,"41,047","34,068",-112,"12,562,390"
2016-03-29,"38,545","40,444","1,485","12,642,040"
2016-03-30,"36,831","46,196",369,"12,692,440"
2016-03-31,"33,507","52,031","-2,105","12,650,020"
2016-04-01,"39,226","51,563","-2,111","12,506,370"
2016-04-04,"36,332","42,628",582,"12,542,540"
2016-04-05,"36,816","40,264","-1,926","12,432,450"
2016-04-06,"35,803","45,693","1,166","12,487,890"
2016-04-07,"43,406","46,315","2,258","12,500,000"
2016-04-08,"40,062","43,889","1,654","12,490,670"
2016-04-11,"37,954","38,633",-167,"12,482,560"
2016-04-12,"38,732","39,442","1,130","12,553,290"
2016-04-14,"47,352","64,064","5,509","12,765,760"
2016-04-15,"31,771","45,230",979,"12,762,130"
2016-04-18,"33,925","43,049","1,998","12,734,350"
2016-04-19,"40,124","44,656",290,"12,741,550"
2016-04-20,"42,396","46,533","1,118","12,707,810"
2016-04-21,"39,210","47,830","1,609","12,809,030"
2016-04-22,"48,047","42,157","1,549","12,768,360"
2016-04-25,"39,767","44,239","2,077","12,763,530"
2016-04-26,"50,928","52,811","1,289","12,788,830"
2016-04-27,"41,280","53,982","1,824","12,760,570"
2016-04-28,"34,114","54,607","-2,025","12,663,230"
2016-04-29,"40,106","53,348",638,"12,619,530"
2016-05-02,"32,819","38,792",-329,"12,486,560"
2016-05-03,"31,049","38,135",870,"12,539,120"
2016-05-04,"35,270","50,561","1,723","12,483,540"
2016-05-09,"34,219","53,030",-979,"12,434,950"
2016-05-10,"36,909","48,575",367,"12,524,790"
2016-05-11,"39,853","44,518",699,"12,516,350"
2016-05-12,"46,288","41,442",245,"12,495,470"
2016-05-13,"50,912","45,452","-1,428","12,425,180"
2016-05-16,"52,672","48,725",170,"12,440,960"
2016-05-17,"59,758","55,219",-534,"12,438,400"
2016-05-18,"69,627","66,978",365,"12,365,790"
2016-05-19,"50,592","53,076",-213,"12,301,620"
2016-05-20,"38,805","44,556","-1,276","12,306,920"
2016-05-23,"39,951","40,625",42,"12,356,450"
2016-05-24,"51,708","50,055",-586,"12,249,790"
2016-05-25,"65,687","54,562","1,249","12,403,060"
2016-05-26,"55,826","51,038",68,"12,380,820"
2016-05-27,"52,353","49,112","1,494","12,462,190"
2016-05-30,"55,050","46,644","1,217","12,446,530"
2016-05-31,"65,705","86,124","-1,312","12,553,560"
2016-06-01,"50,229","53,840","2,429","12,559,990"
2016-06-02,"47,423","54,005","3,868","12,579,120"
2016-06-03,"54,086","54,973","-1,273","12,582,200"
2016-06-07,"48,135","55,414","2,615","12,744,460"
2016-06-08,"49,793","58,458","3,095","12,839,480"
2016-06-09,"59,968","79,550","4,140","12,821,260"
2016-06-10,"40,430","47,771",-283,"12,780,760"
2016-06-13,"44,300","46,799","-1,469","12,533,170"
2016-06-14,"43,994","50,099","-1,053","12,494,820"
2016-06-15,"37,677","46,949",-211,"12,476,640"
2016-06-16,"43,879","44,524",423,"12,372,460"
2016-06-17,"48,527","44,889",-981,"12,383,270"
2016-06-20,"39,135","40,450",207,"12,555,590"
2016-06-21,"55,744","45,146","-1,100","12,569,200"
2016-06-22,"40,743","41,362",300,"12,632,090"
2016-06-23,"45,539","42,208",291,"12,590,870"
2016-06-24,"75,055","87,245","-1,498","12,212,810"
2016-06-27,"39,427","51,756","-2,372","12,222,710"
2016-06-28,"37,346","44,526","-3,680","12,278,100"
2016-06-29,"45,119","48,654",583,"12,403,350"
2016-06-30,"34,986","53,266","4,034","12,501,980"
2016-07-01,"44,813","43,254","2,525","12,612,370"
2016-07-04,"46,861","41,510","1,794","12,666,290"
2016-07-05,"40,549","39,515",129,"12,632,700"
2016-07-06,"45,744","47,647","-4,300","12,393,760"
2016-07-07,"37,876","39,364","1,695","12,527,480"
2016-07-08,"35,653","43,153",413,"12,458,310"
2016-07-11,"33,776","43,849","2,683","12,627,920"
2016-07-12,"43,265","44,853","1,929","12,639,910"
2016-07-13,"35,764","47,435","5,810","12,738,830"
2016-07-14,"34,023","43,189","3,684","12,762,840"
2016-07-15,"47,781","46,403","4,909","12,853,470"
2016-07-18,"38,009","35,692","2,317","12,878,180"
2016-07-19,"38,080","37,662","3,149","12,850,440"
2016-07-20,"31,634","35,413","1,795","12,844,100"
2016-07-21,"39,105","39,214",440,"12,822,990"
2016-07-22,"32,095","38,669",721,"12,807,880"
2016-07-25,"35,023","40,531","1,934","12,819,050"
2016-07-26,"33,861","40,726","1,942","12,917,380"
2016-07-27,"41,166","44,939","2,438","12,899,210"
2016-07-28,"35,088","43,431","1,965","12,877,210"
2016-07-29,"36,639","50,287","2,126","12,831,580"
2016-08-01,"36,959","48,221","3,078","12,918,140"
2016-08-02,"40,994","43,141",516,"12,849,540"
2016-08-03,"48,585","43,871",-866,"12,696,440"
2016-08-04,"32,651","36,484",384,"12,735,230"
2016-08-05,"28,929","41,680","2,503","12,858,880"
2016-08-08,"27,048","41,698",810,"12,939,460"
2016-08-09,"43,672","41,726","2,093","13,017,780"
2016-08-10,"33,109","46,382","3,084","13,021,300"
2016-08-11,"34,608","44,904",-177,"13,046,380"
2016-08-12,"37,649","46,676",605,"13,059,750"
2016-08-16,"37,487","45,039",347,"13,044,940"
2016-08-17,"39,171","44,069",143,"13,019,630"
2016-08-18,"35,308","47,649","1,903","13,101,970"
2016-08-19,"39,232","50,054","2,205","13,113,500"
2016-08-22,"34,350","41,013",-119,"13,026,370"
2016-08-23,"36,041","44,706",459,"13,077,300"
2016-08-24,"28,518","41,442",-415,"13,033,420"
2016-08-25,"27,743","41,988","-3,188","13,024,390"
2016-08-26,"28,818","40,119","-1,296","12,986,740"
2016-08-29,"31,697","38,435",841,"12,958,470"
2016-08-30,"37,856","38,180",524,"13,006,190"
2016-08-31,"40,095","54,859",215,"12,969,420"
2016-09-01,"30,051","43,737","-1,394","12,949,380"
2016-09-02,"34,263","39,372","2,179","12,988,050"
2016-09-05,"57,297","41,279","2,720","13,123,210"
2016-09-06,"46,255","40,967","2,699","13,172,080"
2016-09-07,"68,716","50,534",839,"13,135,910"
2016-09-08,"65,665","56,437","1,816","13,153,720"
2016-09-09,"39,268","43,738",-505,"12,980,730"
2016-09-12,"42,288","48,158","-2,190","12,673,360"
2016-09-13,"43,742","51,467","2,474","12,738,990"
2016-09-19,"43,444","49,616",470,"12,847,070"
2016-09-20,"36,235","41,864",984,"12,916,190"
2016-09-21,"52,510","41,329",882,"12,981,210"
2016-09-22,"44,759","42,599","1,283","13,074,370"
2016-09-23,"49,411","45,366",-425,"13,087,980"
2016-09-26,"35,962","36,914",-152,"13,040,560"
2016-09-27,"66,404","47,127",255,"13,136,910"
2016-09-28,"54,645","40,456","-1,146","13,074,680"
2016-09-29,"41,617","45,439","1,832","13,180,000"
2016-09-30,"32,639","57,392","-1,579","13,018,030"
2016-10-04,"31,885","50,192","1,814","13,096,470"
2016-10-05,"29,235","43,298",-22,"13,086,410"
2016-10-06,"33,771","53,584",916,"13,173,060"
2016-10-07,"42,245","54,034",373,"13,099,450"
2016-10-10,"31,490","46,666",-393,"13,090,060"
2016-10-11,"34,322","53,409","-3,359","12,918,270"
2016-10-12,"29,737","48,321","-5,524","12,931,600"
2016-10-13,"44,026","45,076","1,923","12,818,400"
2016-10-14,"45,890","41,894",323,"12,862,790"
2016-10-17,"33,340","37,507","2,912","12,895,310"
2016-10-18,"30,593","39,064","1,899","12,976,520"
2016-10-19,"32,194","40,977","2,299","12,987,950"
2016-10-20,"27,600","39,550","1,093","12,990,240"
2016-10-21,"26,035","34,898",459,"12,941,450"
2016-10-24,"25,204","35,880",970,"13,036,350"
2016-10-25,"29,910","49,660",-614,"12,969,300"
2016-10-26,"39,240","47,507",-828,"12,822,320"
2016-10-27,"29,869","49,012",289,"12,889,710"
2016-10-28,"27,053","42,456",-334,"12,865,510"
2016-10-31,"40,066","43,658",101,"12,797,540"
2016-11-01,"32,177","44,626",140,"12,789,780"
2016-11-02,"33,353","44,041",-220,"12,609,960"
2016-11-03,"27,273","37,808","-2,057","12,634,550"
2016-11-04,"22,778","31,124","-1,916","12,626,070"
2016-11-07,"21,033","31,315","-2,178","12,723,730"
2016-11-08,"23,958","32,388",-555,"12,760,140"
2016-11-09,"70,904","74,313","-2,139","12,474,810"
2016-11-10,"43,388","70,128",479,"12,847,240"
2016-11-11,"38,686","67,189","-4,495","12,725,310"
2016-11-14,"35,212","50,998","-3,345","12,656,740"
2016-11-15,"37,566","50,956","-2,059","12,612,060"
2016-11-16,"30,650","46,553",-80,"12,692,250"
2016-11-17,"27,217","35,394",618,"12,701,110"
2016-11-18,"30,696","47,422",615,"12,699,900"
2016-11-21,"22,351","35,014",683,"12,646,200"
2016-11-22,"23,137","39,420","3,449","12,760,430"
2016-11-23,"30,820","46,903","1,647","12,773,930"
2016-11-24,"23,544","35,477","-1,414","12,672,100"
2016-11-25,"20,194","29,145",199,"12,689,480"
2016-11-28,"21,358","30,851","2,087","12,730,020"
2016-11-29,"21,457","44,135","4,508","12,728,520"
2016-11-30,"23,309","55,590","2,740","12,773,050"
2016-12-01,"21,788","40,612",309,"12,771,440"
2016-12-02,"24,318","37,279",-9,"12,690,740"
2016-12-05,"23,719","30,716",-45,"12,648,820"
2016-12-06,"21,465","37,947","1,175","12,823,060"
2016-12-07,"20,441","36,596",783,"12,836,230"
2016-12-08,"23,943","49,563",284,"13,078,830"
2016-12-09,"22,566","38,139",571,"13,042,170"
2016-12-12,"28,980","36,918",848,"13,050,310"
2016-12-13,"38,336","42,207","1,120","13,107,510"
2016-12-14,"38,403","33,928","1,763","13,136,410"
2016-12-15,"30,019","32,910",-33,"13,132,870"
2016-12-16,"28,971","39,442",677,"13,177,170"
2016-12-19,"24,987","29,767",50,"13,155,840"
2016-12-20,"31,422","31,747",606,"13,179,820"
2016-12-21,"28,457","33,844",782,"13,154,750"
2016-12-22,"27,510","32,564",-500,"13,138,500"
2016-12-23,"31,088","32,006","-1,005","13,136,490"
2016-12-26,"36,664","30,363",-312,"13,150,230"
2016-12-27,"38,403","30,957",934,"13,185,860"
2016-12-28,"35,659","30,510","1,268","13,068,480"
2016-12-29,"26,452","30,092","1,286","13,084,400"
2016-12-30,,,,
2017-01-02,"22,987","26,168",274,"13,080,420"
2017-01-03,"26,813","37,251","1,711","13,192,180"
2017-01-04,"37,149","40,989","2,142","13,202,930"
2017-01-05,"54,134","44,798",841,"13,175,770"
2017-01-06,"45,535","35,117","1,713","13,223,740"
2017-01-09,"39,829","38,784","2,544","13,229,450"
2017-01-10,"51,266","38,698",996,"13,207,840"
2017-01-11,"33,553","45,344","4,855","13,405,320"
2017-01-12,"55,584","47,273",314,"13,478,790"
2017-01-13,"51,828","47,271","-1,084","13,403,530"
2017-01-16,"68,393","47,692","-2,394","13,319,400"
2017-01-17,"60,144","42,152",-84,"13,369,130"
2017-01-18,"53,013","40,548",-193,"13,380,840"
2017-01-19,"41,567","41,369","1,460","13,399,000"
2017-01-20,"39,265","40,824",-465,"13,354,970"
2017-01-23,"44,486","37,744","1,167","13,366,760"
2017-01-24,"31,241","37,897",-131,"13,366,010"
2017-01-25,"31,177","65,676","2,091","13,384,220"
2017-01-26,"25,792","44,256","3,649","13,496,720"
2017-01-31,"28,828","45,963","-3,025","13,384,090"
2017-02-01,"45,253","45,324",-119,"13,463,500"
2017-02-02,"82,548","57,075",705,"13,407,770"
2017-02-03,"39,258","49,133","-1,097","13,419,660"
2017-02-06,"31,532","39,005",29,"13,450,540"
2017-02-07,"27,181","41,710","-1,600","13,431,050"
2017-02-08,"26,672","44,677","-2,426","13,364,450"
2017-02-09,"23,601","42,691",545,"13,370,080"
2017-02-10,"31,468","48,859","-1,053","13,425,350"
2017-02-13,"28,968","39,882",58,"13,445,390"
2017-02-14,"33,237","44,621","-1,276","13,417,970"
2017-02-15,"33,804","47,353",-287,"13,472,250"
2017-02-16,"33,047","43,311","1,656","13,462,240"
2017-02-17,"30,152","47,827","2,903","13,450,890"
2017-02-20,"29,720","33,205",533,"13,481,540"
2017-02-21,"29,254","39,762","1,248","13,599,380"
2017-02-22,"31,222","42,468","4,529","13,623,730"
2017-02-23,"43,085","45,930",356,"13,628,460"
2017-02-24,"38,539","51,768",-49,"13,533,640"
2017-02-27,"34,370","41,700","-2,257","13,478,490"
2017-02-28,"39,982","50,515",679,"13,518,950"
2017-03-02,"43,471","61,724","6,820","13,601,360"
2017-03-03,"42,594","51,293",-319,"13,443,190"
2017-03-06,"43,145","46,559","2,295","13,463,550"
2017-03-07,"27,783","39,627",926,"13,547,470"
2017-03-08,"38,144","45,171","1,542","13,555,190"
2017-03-09,"40,823","51,105","4,448","13,523,840"
2017-03-10,"50,086","55,707","1,601","13,564,930"
2017-03-13,"38,213","46,578","4,546","13,697,790"
2017-03-14,"36,507","52,879","4,057","13,807,240"
2017-03-15,"37,470","49,749","1,289","13,806,640"
2017-03-16,"40,242","51,640","2,798","13,916,890"
2017-03-17,"30,279","49,796","2,512","14,015,430"
2017-03-20,"26,495","41,173",-848,"13,961,190"
2017-03-21,"30,394","56,201","3,627","14,105,000"
2017-03-22,"39,443","55,860",-962,"14,042,650"
2017-03-23,"35,861","51,524",526,"14,064,100"
2017-03-24,"35,867","51,271",-891,"14,037,330"
2017-03-27,"39,586","52,913",364,"13,953,480"
2017-03-28,"39,397","50,766",207,"14,010,360"
2017-03-29,"62,679","53,561",-618,"14,039,130"
2017-03-30,"64,356","45,742",894,"14,038,350"
2017-03-31,"44,164","44,800",257,"14,009,610"
2017-04-03,"39,851","40,660",-220,"14,058,830"
2017-04-04,"52,209","46,193","-1,016","14,020,460"
2017-04-05,"57,169","49,108",-76,"14,021,680"
2017-04-06,"51,016","42,041",-905,"13,966,290"
2017-04-07,"40,846","41,434",-779,"13,955,570"
2017-04-10,"51,292","40,501",-541,"13,840,380"
2017-04-11,"48,931","42,094","-1,266","13,782,550"
2017-04-12,"42,736","39,706",790,"13,815,350"
2017-04-13,"35,758","43,961",-11,"13,852,790"
2017-04-14,"34,084","13,853",-735,"13,852,790"
2017-04-17,"25,930","37,501","-1,117","13,920,640"
2017-04-18,"29,140","39,711",114,"13,936,140"
2017-04-19,"34,422","48,930","2,251","13,869,260"
2017-04-20,"26,832","51,325",763,"13,936,440"
2017-04-21,"28,154","48,377","3,322","14,018,520"
2017-04-24,"37,471","44,028","3,381","14,073,330"
2017-04-25,"27,590","51,066","6,516","14,228,320"
2017-04-26,"39,753","55,092","2,984","14,301,070"
2017-04-27,"38,611","65,513",133,"14,326,790"
2017-04-28,"26,864","58,427",-151,"14,308,730"
2017-05-02,"29,514","48,265","1,355","14,411,510"
2017-05-04,"26,192","47,908","3,641","14,545,780"
2017-05-08,"28,176","67,959","5,440","14,873,200"
2017-05-10,"42,289","93,838","1,107","14,762,210"
2017-05-11,"46,346","78,955","1,046","14,951,310"
2017-05-12,"33,534","64,937","-3,066","15,030,650"
2017-05-15,"25,159","46,485",-959,"15,063,180"
2017-05-16,"36,814","65,428","2,341","15,098,510"
2017-05-17,"39,482","57,090",67,"15,089,790"
2017-05-18,"37,832","59,144",269,"15,048,330"
2017-05-19,"42,113","59,287",411,"15,052,980"
2017-05-22,"34,006","58,274","2,887","15,157,970"
2017-05-23,"34,109","56,269",-554,"14,979,230"
2017-05-24,"40,956","56,718",773,"15,013,680"
2017-05-25,"36,928","62,639","1,170","15,166,720"
2017-05-26,"31,290","61,526","1,231","15,248,250"
2017-05-29,"31,618","56,287",222,"15,230,180"
2017-05-30,"50,884","56,232",-417,"15,167,040"
2017-05-31,"55,594","82,443","-3,619","15,192,240"
2017-06-01,"33,669","53,896",-136,"15,175,310"
2017-06-02,"39,950","61,578","4,480","15,354,330"
2017-06-05,"32,641","51,963","2,740","15,337,780"
2017-06-07,"37,621","62,725","1,146","15,283,130"
2017-06-08,"41,708","84,068","2,818","15,308,820"
2017-06-09,"52,056","72,274","1,547","15,429,970"
2017-06-12,"32,723","57,822","-1,462","15,276,050"
2017-06-13,"32,208","56,652",-787,"15,382,630"
2017-06-14,"39,300","67,952",222,"15,373,880"
2017-06-15,"33,489","58,828",110,"15,303,330"
2017-06-16,"32,918","59,654","-1,633","15,306,720"
2017-06-19,"29,094","54,219","1,272","15,366,930"
2017-06-20,"36,073","71,436","4,872","15,362,410"
2017-06-21,"36,034","64,661","-1,847","15,284,740"
2017-06-22,"29,923","68,290","1,827","15,366,510"
2017-06-23,"25,626","58,634","1,666","15,419,190"
2017-06-26,"32,567","52,138",431,"15,483,840"
2017-06-27,"35,803","64,735",542,"15,506,000"
2017-06-28,"36,118","60,181","-1,811","15,436,780"
2017-06-29,"44,513","55,199","1,000","15,522,870"
2017-06-30,"34,353","51,000",-410,"15,492,610"
2017-07-03,"31,099","47,827","1,054","15,512,360"
2017-07-04,"41,178","48,997","-1,929","15,418,000"
2017-07-05,"33,372","47,861",-65,"15,468,650"
2017-07-06,"30,147","48,044","2,173","15,468,950"
2017-07-07,"31,437","54,891","2,757","15,405,380"
2017-07-10,"29,626","49,246",-571,"15,491,970"
2017-07-11,"28,446","49,421","1,007","15,582,530"
2017-07-12,"26,893","53,523","3,816","15,559,800"
2017-07-13,"28,926","61,699","3,408","15,680,270"
2017-07-14,"25,877","52,888","2,003","15,712,300"
2017-07-17,"25,421","49,287",-388,"15,784,990"
2017-07-18,"26,066","48,014","-2,161","15,786,310"
2017-07-19,"27,097","51,003","-1,003","15,811,500"
2017-07-20,"25,192","54,527",606,"15,898,610"
2017-07-21,"25,013","52,073","2,901","15,928,770"
2017-07-24,"23,341","46,370","-1,677","15,933,460"
2017-07-25,"27,520","54,067","-3,431","15,854,930"
2017-07-26,"33,611","64,740","-3,517","15,818,500"
2017-07-27,"42,650","53,971","-2,082","15,874,880"
2017-07-28,"31,865","70,197","-5,600","15,594,990"
2017-07-31,"27,757","56,465","-2,550","15,606,550"
2017-08-01,"26,404","56,052",-352,"15,733,270"
2017-08-02,"26,157","53,464","1,364","15,744,780"
2017-08-03,"30,358","65,008","-4,025","15,473,130"
2017-08-04,"27,357","50,840","-1,634","15,529,780"
2017-08-07,"24,412","44,284",932,"15,551,760"
2017-08-08,"25,285","46,236",918,"15,530,610"
2017-08-09,"23,407","46,936","-2,552","15,355,930"
2017-08-10,"28,387","62,935","-2,246","15,297,640"
2017-08-11,"31,858","63,230","-5,872","15,036,260"
2017-08-14,"21,403","46,575","-2,572","15,155,750"
2017-08-16,"27,052","61,690","-1,015","15,256,700"
2017-08-17,"25,577","46,960","1,730","15,346,530"
2017-08-18,"20,148","43,956",85,"15,327,780"
2017-08-21,"20,723","38,606",-202,"15,303,860"
2017-08-22,"25,186","40,369",639,"15,369,950"
2017-08-23,"22,862","40,725","1,079","15,382,270"
2017-08-24,"29,553","47,439",190,"15,439,130"
2017-08-25,"34,196","46,646",-251,"15,447,540"
2017-08-28,"22,687","40,358",-606,"15,388,750"
2017-08-29,"22,309","44,276","-2,631","15,358,580"
2017-08-30,"30,564","46,527",-656,"15,409,640"
2017-08-31,"26,505","53,516","-1,073","15,356,290"
2017-09-01,"28,006","48,119",763,"15,325,920"
2017-09-04,"24,849","44,227",66,"15,143,960"
2017-09-05,"32,043","49,513","-2,107","15,122,780"
2017-09-06,"25,268","53,368","-3,264","15,083,570"
2017-09-07,"27,704","46,971",707,"15,256,800"
2017-09-08,"21,459","45,886",150,"15,246,380"
2017-09-11,"24,361","49,290","-1,506","15,353,840"
2017-09-12,"33,357","50,007","-1,850","15,394,740"
2017-09-13,"31,887","60,330",-73,"15,360,600"
2017-09-14,"31,426","67,508",-227,"15,467,810"
2017-09-15,"29,874","64,301",-845,"15,523,430"
2017-09-18,"27,348","52,180","2,211","15,736,920"
2017-09-19,"25,459","53,572","-1,433","15,728,760"
2017-09-20,"30,329","56,307","-1,881","15,706,210"
2017-09-21,"33,534","57,301",994,"15,670,700"
2017-09-22,"33,362","61,245",283,"15,553,360"
2017-09-25,"33,935","48,557",-333,"15,506,280"
2017-09-26,"31,912","58,532","-3,771","15,457,850"
2017-09-27,"20,262","45,985","-2,810","15,443,050"
2017-09-28,"19,477","47,128","-1,290","15,444,740"
2017-09-29,"18,419","46,673",318,"15,582,440"
2017-10-10,"22,174","75,078","8,196","15,837,650"
2017-10-11,"20,177","60,864","7,020","16,008,750"
2017-10-12,"25,621","62,819","2,444","16,109,140"
2017-10-13,"23,480","68,239",-349,"16,102,090"
2017-10-16,"22,441","61,751",-290,"16,138,280"
2017-10-17,"19,905","53,227",-541,"16,169,370"
2017-10-18,"24,425","58,265",-293,"16,161,020"
2017-10-19,"23,663","68,912",13,"16,084,660"
2017-10-20,"31,321","56,486","2,014","16,196,030"
2017-10-23,"27,420","47,599","3,151","16,200,870"
2017-10-24,"23,201","46,245","-1,002","16,207,550"
2017-10-25,"59,943","50,888","1,129","16,215,640"
2017-10-26,"64,688","71,433",-258,"16,132,410"
2017-10-27,"51,123","63,430","1,276","16,244,020"
2017-10-30,"34,201","70,206","2,805","16,265,380"
2017-10-31,,,"4,441","16,422,850"
